id,Diagnostics,Memory,Performance,Security,ProjectManagement,CI,Testing,Updating,C++,Python,ES6+,NewFeature,CoreFeature,OperationalErrors,ProgrammerErrors
42645847,0,0,0,0,0,0,27.1828182845904,2.71828182845904,21.7462546276724,0,0,0,0,0,0
5445507,0,0,2.71828182845904,0,35.3376637699676,40.7742274268857,19.0279727992133,16.3096909707543,38.0559455984266,0,0,0,0,0,0
9109612,0,0,2.71828182845904,0,2.71828182845904,2.71828182845904,13.5914091422952,46.2107910838038,35.3376637699676,0,0,2.71828182845904,0,10.8731273138362,0
17013303,0,0,0,0,0,0,10.8731273138362,5.43656365691809,5.43656365691809,0,0,0,0,2.71828182845904,0
14026360,0,0,2.71828182845904,0,5.43656365691809,5.43656365691809,8.15484548537714,19.0279727992133,24.4645364561314,0,0,0,0,2.71828182845904,0
6447530,0,0,0,0,2.71828182845904,0,5.43656365691809,8.15484548537714,27.1828182845904,0,0,0,0,0,0
432351,0,0,0,0,0,2.71828182845904,5.43656365691809,0,13.5914091422952,0,0,0,0,0,0
3759816,0,0,0,0,8.15484548537714,13.5914091422952,5.43656365691809,2.71828182845904,10.8731273138362,0,0,0,0,0,0
28031187,0,0,0,0,0,0,5.43656365691809,0,0,0,0,0,0,0,0
18708370,0,0,0,0,2.71828182845904,0,2.71828182845904,13.5914091422952,16.3096909707543,0,0,0,0,2.71828182845904,0
37772591,0,0,0,0,0,0,2.71828182845904,8.15484548537714,5.43656365691809,0,0,0,0,0,0
9373002,0,0,0,0,2.71828182845904,0,2.71828182845904,2.71828182845904,5.43656365691809,0,0,0,0,0,0
4922778,0,0,0,0,0,2.71828182845904,2.71828182845904,0,2.71828182845904,0,0,0,0,0,0
33557095,0,0,0,0,0,0,2.71828182845904,10.8731273138362,0,0,0,0,0,0,0
9201657,0,0,0,0,0,0,2.71828182845904,0,0,0,0,0,0,0,0
6487691,0,0,0,0,0,0,2.71828182845904,0,0,0,0,0,0,0,0
3709715,0,0,0,0,2.71828182845904,16.3096909707543,2.71828182845904,0,0,8.15484548537714,0,0,0,0,0
30556255,0,0,0,0,2.71828182845904,0,2.71828182845904,0,0,0,0,0,0,0,0
733877,0,0,0,0,0,0,2.71828182845904,0,0,0,0,0,0,0,0
6671846,0,0,0,0,0,0,2.71828182845904,0,0,0,0,0,0,0,0
1189785,0,0,0,0,0,0,2.71828182845904,0,0,0,0,0,0,0,0
2620674,0,0,0,0,0,0,2.71828182845904,0,0,0,0,0,0,0,0
1641578,0,0,0,0,0,0,2.71828182845904,0,0,0,0,0,0,0,0
49077331,0,0,0,0,0,0,2.71828182845904,0,0,0,0,0,0,0,0
976081,0,0,0,0,0,5.43656365691809,0,5.43656365691809,40.7742274268857,0,0,0,0,0,0
3109072,0,0,0,2.71828182845904,0,2.71828182845904,0,19.0279727992133,27.1828182845904,0,0,0,0,2.71828182845904,0
8500303,0,0,2.71828182845904,0,0,0,0,5.43656365691809,19.0279727992133,0,0,0,0,0,0
45469,0,0,0,0,0,0,0,10.8731273138362,16.3096909707543,0,0,2.71828182845904,0,8.15484548537714,0
205482,0,0,2.71828182845904,0,2.71828182845904,0,0,8.15484548537714,16.3096909707543,0,0,0,0,0,0
498775,0,0,0,0,10.8731273138362,2.71828182845904,0,2.71828182845904,13.5914091422952,0,0,0,0,5.43656365691809,0
4048656,0,0,0,0,13.5914091422952,10.8731273138362,0,2.71828182845904,10.8731273138362,0,0,0,0,0,0
1315533,0,0,0,0,0,0,0,27.1828182845904,8.15484548537714,0,0,0,0,2.71828182845904,0
18033231,0,0,0,0,0,0,0,5.43656365691809,8.15484548537714,0,0,0,0,0,0
43864112,0,0,0,0,2.71828182845904,0,0,2.71828182845904,8.15484548537714,0,0,0,0,0,0
731941,0,0,0,0,0,0,0,2.71828182845904,8.15484548537714,0,0,0,0,0,0
11332155,0,0,0,0,0,0,0,8.15484548537714,5.43656365691809,0,0,0,0,5.43656365691809,0
234659,0,0,0,2.71828182845904,0,0,0,5.43656365691809,5.43656365691809,0,0,2.71828182845904,0,0,0
96150,0,0,0,0,0,0,0,5.43656365691809,5.43656365691809,0,0,0,0,0,0
194609,0,0,0,0,2.71828182845904,0,0,2.71828182845904,5.43656365691809,0,0,0,0,0,0
23313266,0,0,0,0,0,0,0,2.71828182845904,5.43656365691809,0,0,0,0,0,0
26796102,0,0,0,0,0,0,0,2.71828182845904,5.43656365691809,0,0,0,0,0,0
1084056,0,0,0,0,0,0,0,2.71828182845904,5.43656365691809,0,0,0,0,0,0
456802,0,0,0,0,0,0,0,0,5.43656365691809,0,0,2.71828182845904,0,2.71828182845904,0
2086875,0,0,0,0,0,0,0,0,5.43656365691809,0,0,0,0,0,0
20432815,0,0,0,0,0,0,0,13.5914091422952,2.71828182845904,0,0,0,0,2.71828182845904,0
14309773,0,0,0,0,0,0,0,10.8731273138362,2.71828182845904,0,0,0,0,2.71828182845904,0
7135896,0,0,0,0,0,0,0,5.43656365691809,2.71828182845904,0,0,2.71828182845904,0,0,0
1248501,0,0,0,2.71828182845904,0,0,0,5.43656365691809,2.71828182845904,0,0,0,0,2.71828182845904,0
9800850,0,0,0,0,0,0,0,2.71828182845904,2.71828182845904,0,0,0,0,0,0
9877529,0,0,0,0,0,0,0,2.71828182845904,2.71828182845904,0,0,0,0,0,0
9271155,0,0,0,0,0,0,0,2.71828182845904,2.71828182845904,0,0,0,0,0,0
1037931,0,0,0,0,0,0,0,2.71828182845904,2.71828182845904,0,0,0,0,0,0
5757263,0,0,0,0,0,0,0,2.71828182845904,2.71828182845904,0,0,0,0,0,0
5041658,0,0,0,0,0,0,0,2.71828182845904,2.71828182845904,0,0,0,0,0,0
227022,0,0,0,0,0,0,0,2.71828182845904,2.71828182845904,0,0,0,0,0,0
567540,0,0,0,0,0,0,0,0,2.71828182845904,0,0,2.71828182845904,0,5.43656365691809,0
17704638,0,0,0,0,0,0,0,0,2.71828182845904,0,0,0,0,0,0
2036040,0,0,0,0,5.43656365691809,5.43656365691809,0,0,2.71828182845904,0,0,0,0,0,0
50924408,0,0,0,0,0,0,0,0,2.71828182845904,0,0,0,0,0,0
18595761,0,0,0,0,0,0,0,0,2.71828182845904,0,0,0,0,0,0
2820968,0,0,0,0,0,0,0,0,2.71828182845904,0,0,0,0,0,0
306276,0,0,0,0,0,0,0,0,2.71828182845904,0,0,0,0,0,0
12182390,0,0,0,0,0,0,0,0,2.71828182845904,0,0,0,0,0,0
399150,0,0,0,0,0,0,0,0,2.71828182845904,0,0,0,0,0,0
54780737,0,0,0,0,0,0,0,0,2.71828182845904,0,0,0,0,0,0
2575182,0,0,0,0,0,0,0,0,2.71828182845904,0,0,0,0,0,0
49172424,0,0,0,0,0,0,0,0,2.71828182845904,0,0,0,0,0,0
542245,0,0,0,0,0,0,0,0,2.71828182845904,0,0,0,0,0,0
3612422,0,0,0,0,0,0,0,0,2.71828182845904,0,0,0,0,0,0
30275706,0,0,0,0,0,0,0,0,2.71828182845904,0,0,0,0,0,0
14938705,0,0,0,0,0,0,0,0,2.71828182845904,0,0,0,0,0,0
11169954,0,0,0,0,0,2.71828182845904,0,0,2.71828182845904,0,0,0,0,0,0
36894700,0,0,0,0,0,0,0,5.43656365691809,0,0,0,0,0,0,0
1037138,0,0,0,0,0,0,0,5.43656365691809,0,0,0,0,0,0,0
459371,0,0,0,0,0,0,0,5.43656365691809,0,0,0,0,0,0,0
10532611,0,0,0,0,0,0,0,5.43656365691809,0,0,0,0,0,0,0
3889017,0,0,0,0,0,0,0,5.43656365691809,0,0,0,0,0,0,0
5140142,0,0,0,0,0,0,0,2.71828182845904,0,0,0,0,0,2.71828182845904,0
16024985,0,0,0,0,0,0,0,2.71828182845904,0,0,0,0,0,0,0
495647,0,0,0,0,2.71828182845904,8.15484548537714,0,2.71828182845904,0,0,0,0,0,0,0
1241511,0,0,0,0,2.71828182845904,0,0,2.71828182845904,0,0,0,0,0,0,0
241506,0,0,0,0,0,0,0,2.71828182845904,0,0,0,0,0,0,0
8297234,0,0,0,0,10.8731273138362,10.8731273138362,0,2.71828182845904,0,0,0,0,0,0,0
617481,0,0,0,0,0,0,0,2.71828182845904,0,0,0,0,0,0,0
3055345,0,0,0,0,0,0,0,2.71828182845904,0,0,0,0,0,0,0
23034399,0,0,0,0,0,0,0,2.71828182845904,0,0,0,0,0,0,0
1510821,0,0,0,0,0,0,0,2.71828182845904,0,0,0,0,0,0,0
21176291,0,0,0,0,0,0,0,2.71828182845904,0,0,0,0,0,0,0
35818464,0,0,0,0,0,0,0,2.71828182845904,0,0,0,0,0,2.71828182845904,0
803101,0,0,0,0,0,0,0,2.71828182845904,0,0,0,0,0,0,0
4865608,0,0,0,0,0,0,0,2.71828182845904,0,0,0,0,0,0,0
2337082,0,0,0,0,0,0,0,2.71828182845904,0,0,0,0,0,0,0
2451004,0,0,0,0,0,0,0,2.71828182845904,0,0,0,0,0,0,0
11682285,0,0,0,0,0,0,0,2.71828182845904,0,0,0,0,0,0,0
961599,0,0,0,0,0,0,0,2.71828182845904,0,0,0,0,0,0,0
1190845,0,0,0,0,0,0,0,2.71828182845904,0,0,0,0,0,0,0
4303,0,0,0,0,0,0,0,0,0,0,0,0,0,0,0
1297909,0,0,0,0,0,2.71828182845904,0,0,0,0,0,0,0,0,0
20809,0,0,0,0,0,0,0,0,0,0,0,0,0,0,0
287917,0,0,0,0,0,0,0,0,0,0,0,0,0,0,0
1611595,0,0,0,0,0,0,0,0,0,0,0,0,0,0,0
134460,0,0,0,0,2.71828182845904,5.43656365691809,0,0,0,0,0,0,0,0,0
6306796,0,0,0,0,0,0,0,0,0,0,0,0,0,0,0
349621,0,0,0,0,0,0,0,0,0,0,0,0,0,0,0
10602,0,0,0,0,0,0,0,0,0,0,0,0,0,0,0
35270620,0,0,0,0,0,0,0,0,0,0,0,0,0,0,0
486493,0,0,0,0,0,0,0,0,0,0,0,0,0,0,0
30083852,0,0,0,0,0,0,0,0,0,0,0,0,0,0,0
17770407,0,0,0,0,2.71828182845904,0,0,0,0,0,0,2.71828182845904,0,2.71828182845904,0
6897780,0,0,0,0,0,0,0,0,0,0,0,0,0,0,0
2033712,0,0,0,0,0,0,0,0,0,0,0,0,0,0,0
13121330,0,0,0,0,0,2.71828182845904,0,0,0,0,0,0,0,0,0
10933333,0,0,0,0,0,0,0,0,0,0,0,0,0,0,0
15520377,0,0,0,0,0,0,0,0,0,0,0,0,0,0,0
5192288,0,0,0,0,0,0,0,0,0,0,0,0,0,0,0
825219,0,0,0,0,0,0,0,0,0,0,0,0,0,0,0
4815,0,0,0,0,0,0,0,0,0,0,0,0,0,0,0
15943089,0,0,0,0,0,0,0,0,0,0,0,0,0,0,0
20224954,0,0,0,0,2.71828182845904,2.71828182845904,0,0,0,0,0,0,0,0,0
1416966,0,0,0,0,0,0,0,0,0,0,0,0,0,0,0
720167,0,0,0,0,0,0,0,0,0,0,0,0,0,0,0
5015212,0,0,0,0,0,0,0,0,0,0,0,0,0,0,0
13399152,0,0,0,0,0,0,0,0,0,0,0,0,0,2.71828182845904,0
19158740,0,0,0,0,0,0,0,0,0,0,0,0,0,0,0
4923335,0,0,0,0,0,0,0,0,0,2.71828182845904,0,0,0,0,0
5721194,0,0,0,0,0,0,0,0,0,0,0,0,0,0,0
1935767,0,0,0,0,0,0,0,0,0,0,0,0,0,0,0
903597,0,0,0,0,0,0,0,0,0,0,0,0,0,0,0
38908416,0,0,0,0,0,0,0,0,0,0,0,0,0,0,0
2932786,0,0,0,0,0,0,0,0,0,0,0,0,0,0,0
855219,0,0,0,0,0,0,0,0,0,2.71828182845904,0,0,0,0,0
739555,0,0,0,0,0,0,0,0,0,0,0,0,0,0,0
7960821,0,0,0,0,0,0,0,0,0,0,0,0,0,0,0
46688537,0,0,0,0,0,2.71828182845904,0,0,0,0,0,0,0,0,0
206364,0,0,0,0,0,0,0,0,0,0,0,0,0,0,0
3020626,0,0,0,0,0,0,0,0,0,0,0,0,0,0,0
15256227,0,0,0,0,0,0,0,0,0,0,0,0,0,0,0
2346707,0,0,0,0,0,0,0,0,0,0,0,0,0,0,0
11634585,0,0,0,0,0,0,0,0,0,0,0,0,0,0,0
4011348,0,0,0,0,0,0,0,0,0,0,0,0,0,0,0
2672503,0,0,0,0,0,0,0,0,0,0,0,0,0,0,0
2289,0,0,0,0,0,0,0,0,0,0,0,0,0,0,0
842846,0,0,0,0,0,0,0,0,0,0,0,0,0,0,0
387506,0,0,0,0,0,0,0,0,0,0,0,0,0,0,0
291301,0,0,0,0,0,0,0,0,0,0,0,0,0,0,0
79017,0,0,0,0,0,0,0,0,0,0,0,0,0,0,0
3302320,0,0,0,0,0,0,0,0,0,0,0,0,0,0,0
1246544,0,0,0,0,0,0,0,0,0,0,0,0,0,0,0
44906333,0,0,0,0,0,0,0,0,0,0,0,0,0,0,0
3259089,0,0,0,0,0,0,0,0,0,0,0,0,0,0,0
33004629,0,0,0,0,0,0,0,0,0,0,0,0,0,0,0
557590,0,0,0,0,0,0,0,0,0,0,0,0,0,0,0
479538,0,0,0,0,0,0,0,0,0,0,0,0,0,0,0
22847459,0,0,0,0,0,0,0,0,0,0,0,0,0,0,0
44184662,0,0,0,0,0,0,0,0,0,0,0,0,0,0,0
36442836,0,0,0,0,0,0,0,0,0,0,0,0,0,0,0
1301959,0,0,0,0,0,0,0,0,0,0,0,0,0,0,0
1493671,0,0,0,0,0,0,0,0,0,0,0,0,0,0,0
1190716,0,0,0,0,0,0,0,0,0,0,0,0,0,0,0
22822319,0,0,0,0,0,0,0,0,0,0,0,0,0,0,0
49206592,0,0,0,0,0,0,0,0,0,0,0,0,0,0,0
847953,0,0,0,0,0,0,0,0,0,0,0,0,0,0,0
2903325,0,0,0,0,0,0,0,0,0,0,0,0,0,0,0
30807186,0,0,0,0,0,0,0,0,0,0,0,0,0,0,0
2607252,0,0,0,0,0,0,0,0,0,0,0,0,0,0,0
2291463,0,0,0,0,0,0,0,0,0,0,0,0,0,0,0
1232978,0,0,0,0,0,0,0,0,0,0,0,0,0,0,0
13711224,0,0,0,0,0,0,0,0,0,0,0,0,0,0,0
110455,0,0,0,0,0,0,0,0,0,0,0,0,0,0,0
889406,0,0,0,0,0,0,0,0,0,0,0,0,0,0,0
317464,0,0,0,0,0,0,0,0,0,0,0,0,0,0,0
174685,0,0,0,0,0,0,0,0,0,0,0,0,0,0,0
13093042,0,0,0,0,0,0,0,0,0,0,0,0,0,0,0
1676758,0,0,0,0,0,0,0,0,0,0,0,0,0,0,0
115237,0,0,0,0,0,0,0,0,0,0,0,0,0,0,0
13862371,0,0,0,0,0,0,0,0,0,0,0,0,0,0,0
4580828,0,0,0,0,0,0,0,0,0,0,0,0,0,0,0
12760779,0,0,0,0,0,0,0,0,0,0,0,0,0,0,0
677069,0,0,0,0,0,0,0,0,0,0,0,0,0,0,0
4534080,0,0,0,0,0,0,0,0,0,0,0,0,0,0,0
8685505,0,0,0,0,0,0,0,0,0,0,0,0,0,0,0
5847587,0,0,0,0,0,0,0,0,0,0,0,0,0,0,0
173003,0,0,0,0,0,0,0,0,0,0,0,0,0,0,0
376661,0,0,0,0,0,0,0,0,0,0,0,0,0,0,0
1716463,0,0,0,0,0,0,0,0,0,0,0,0,0,0,0
22472097,0,0,0,0,0,0,0,0,0,0,0,0,0,0,0
811047,0,0,0,0,0,0,0,0,0,0,0,0,0,0,0
8070553,0,0,0,0,0,0,0,0,0,0,0,0,0,0,0
731337,0,0,0,0,0,0,0,0,0,0,0,0,0,0,0
11063808,0,0,0,0,0,0,0,0,0,0,0,0,0,0,0
363559,0,0,0,0,0,0,0,0,0,0,0,0,0,0,0
8335457,0,0,0,0,0,0,0,0,0,0,0,0,0,0,0
73801,0,0,0,0,0,0,0,0,0,0,0,0,0,0,0
2856169,0,0,0,0,0,0,0,0,0,0,0,0,0,0,0
10846706,0,0,0,0,0,0,0,0,0,0,0,0,0,0,0
1827994,0,0,0,0,0,0,0,0,0,0,0,0,0,0,0
339422,0,0,0,0,0,0,0,0,0,0,0,0,0,0,0
63502,0,0,0,0,0,0,0,0,0,0,0,0,0,0,0
815988,0,0,0,0,0,0,0,0,0,0,0,0,0,0,0
8977402,0,0,0,0,0,0,0,0,0,0,0,0,0,0,0
nan,0,0,0,0,0,0,0,0,0,0,0,0,0,0,0
nan,0,0,0,0,0,0,0,0,0,0,0,0,0,0,0
nan,0,0,0,0,0,0,0,0,0,0,0,0,0,0,0
nan,0,0,0,0,0,0,0,0,0,0,0,0,0,0,0
34943807,0,0,0,0,0,0,0,0,0,0,0,0,0,0,0
931192,0,0,0,0,0,0,0,0,0,0,0,0,0,0,0
1898870,0,0,0,0,0,0,0,0,0,0,0,0,0,0,0
2768658,0,0,0,0,0,0,0,0,0,0,0,0,0,0,0
5466849,0,0,0,0,0,0,0,0,0,0,0,0,0,0,0
11638619,0,0,0,0,0,0,0,0,0,0,0,0,0,0,0
13841019,0,0,0,0,0,0,0,0,0,0,0,0,0,0,0
1917071,0,0,0,0,0,0,0,0,0,0,0,0,0,0,0
9845816,0,0,0,0,0,0,0,0,0,0,0,0,0,0,0
8652500,0,0,0,0,0,0,0,0,0,0,0,0,0,0,0
992373,0,0,0,0,0,0,0,0,0,0,0,0,0,0,0
11618364,0,0,0,0,0,0,0,0,0,0,0,0,0,0,0
5410142,0,0,0,0,0,0,0,0,0,0,0,0,0,0,0
3367801,0,0,0,0,0,0,0,0,0,0,0,0,0,0,0
5995084,0,0,0,0,0,0,0,0,0,0,0,0,0,0,0
85749,0,0,0,0,0,0,0,0,0,0,0,0,0,0,0
38111589,0,0,0,0,0,0,0,0,0,0,0,0,0,0,0
637130,0,0,0,0,0,0,0,0,0,0,0,0,0,0,0
2842176,0,0,0,0,0,0,0,0,0,0,0,0,0,0,0
5419992,0,0,0,0,0,0,0,0,0,0,0,0,0,0,0
10533224,0,0,0,0,0,0,0,0,0,0,0,0,0,0,0
172800,0,0,0,0,0,0,0,0,0,0,0,0,0,0,0
7401419,0,0,0,0,0,0,0,0,0,0,0,0,0,0,0
4711855,0,0,0,0,0,0,0,0,0,0,0,0,0,0,0
13833593,0,0,0,0,0,0,0,0,0,0,0,0,0,0,0
819638,0,0,0,0,0,0,0,0,0,0,0,0,0,0,0
13298548,0,0,0,0,0,0,0,0,0,0,0,0,0,0,0
677994,0,0,0,0,0,0,0,0,0,0,0,0,0,0,0
11579108,0,0,0,0,0,0,0,0,0,0,0,0,0,0,0
1067818,0,0,0,0,0,0,0,0,0,0,0,0,0,0,0
988441,0,0,0,0,0,0,0,0,0,0,0,0,0,0,0
15952,0,0,0,0,0,0,0,0,0,0,0,0,0,0,0
8656188,0,0,0,0,0,0,0,0,0,0,0,0,0,0,0
824753,0,0,0,0,0,0,0,0,0,0,0,0,0,0,0
1414265,0,0,0,0,0,0,0,0,0,0,0,0,0,0,0
484181,0,0,0,0,0,0,0,0,0,0,0,0,0,0,0
1625870,0,0,0,0,0,0,0,0,0,0,0,0,0,0,0
5430130,0,0,0,0,0,0,0,0,0,0,0,0,0,0,0
11262165,0,0,0,0,0,0,0,0,0,0,0,0,0,0,0
1889843,0,0,0,0,0,0,0,0,0,0,0,0,0,0,0
4115643,0,0,0,0,0,0,0,0,0,0,0,0,0,0,0
408692,0,0,0,0,0,0,0,0,0,0,0,0,0,0,0
2753761,0,0,0,0,0,0,0,0,0,0,0,0,0,0,0
5727809,0,0,0,0,0,0,0,0,0,0,0,0,0,0,0
16144158,0,0,0,0,0,0,0,0,0,0,0,0,0,0,0
12945118,0,0,0,0,0,0,0,0,0,0,0,0,0,0,0
1551570,0,0,0,0,0,0,0,0,0,0,0,0,0,0,0
3899684,0,0,0,0,0,0,0,0,0,0,0,0,0,0,0
23620441,0,0,0,0,0,0,0,0,0,0,0,0,0,0,0
1485909,0,0,0,0,0,0,0,0,0,0,0,0,0,0,0
7907232,0,0,0,0,0,0,0,0,0,0,0,0,0,0,0
1297597,0,0,0,0,0,0,0,0,0,0,0,0,0,0,0
5438027,0,0,0,0,0,0,0,0,0,0,0,0,0,0,0
631240,0,0,0,0,0,0,0,0,0,0,0,0,0,0,0
874194,0,0,0,0,0,0,0,0,0,0,0,0,0,0,0
3729885,0,0,0,0,0,0,0,0,0,0,0,0,0,0,0
12488060,0,0,0,0,0,0,0,0,0,0,0,0,0,0,0
609373,0,0,0,0,0,0,0,0,0,0,0,0,0,0,0
7273940,0,0,0,0,0,0,0,0,0,0,0,0,0,0,0
829734,0,0,0,0,0,0,0,0,0,0,0,0,0,0,0
13809413,0,0,0,0,0,0,0,0,0,0,0,0,0,0,0
7666621,0,0,0,0,0,0,0,0,0,0,0,0,0,0,0
1063255,0,0,0,0,0,0,0,0,0,0,0,0,0,0,0
4421720,0,0,0,0,0,0,0,0,0,0,0,0,0,0,0
794604,0,0,0,0,0,0,0,0,0,0,0,0,0,0,0
109690,0,0,0,0,0,0,0,0,0,0,0,0,0,0,0
782880,0,0,0,0,0,0,0,0,0,0,0,0,0,0,0
5876741,0,0,0,0,0,0,0,0,0,0,0,0,0,0,0
332968,0,0,0,0,0,0,0,0,0,0,0,0,0,0,0
142914,0,0,0,0,0,0,0,0,0,0,0,0,0,0,0
101553,0,0,0,0,0,0,0,0,0,0,0,0,0,0,0
6903744,0,0,0,0,0,0,0,0,0,0,0,0,0,0,0
1084409,0,0,0,0,0,0,0,0,0,0,0,0,0,0,0
1028226,0,0,0,0,0,0,0,0,0,0,0,0,0,0,0
711968,0,0,0,0,0,0,0,0,0,0,0,0,0,0,0
2162413,0,0,0,0,0,0,0,0,0,0,0,0,0,0,0
1622515,0,0,0,0,0,0,0,0,0,0,0,0,0,0,0
2022803,0,0,0,0,0,0,0,0,0,0,0,0,0,0,0
5279257,0,0,0,0,0,0,0,0,0,0,0,0,0,0,0
1128607,0,0,0,0,0,0,0,0,0,0,0,0,0,0,0
643505,0,0,0,0,0,0,0,0,0,0,0,0,0,0,0
21203,0,0,0,0,0,0,0,0,0,0,0,0,0,0,0
2993861,0,0,0,0,0,0,0,0,0,0,0,0,0,0,0
5177920,0,0,0,0,0,0,0,0,0,0,0,0,0,0,0
7892079,0,0,0,0,0,0,0,0,0,0,0,0,0,0,0
555645,0,0,0,0,0,0,0,0,0,0,0,0,0,0,0
8314616,0,0,0,0,0,0,0,0,0,0,0,0,0,0,0
1147320,0,0,0,0,0,0,0,0,0,0,0,0,0,0,0
8774679,0,0,0,0,0,0,0,0,0,0,0,0,0,0,0
911174,0,0,0,0,0,0,0,0,0,0,0,0,0,0,0
635903,0,0,0,0,0,0,0,0,0,0,0,0,0,0,0
983798,0,0,0,0,0,0,0,0,0,0,0,0,0,0,0
20425798,0,0,0,0,0,0,0,0,0,0,0,0,0,0,0
635085,0,0,0,0,0,0,0,0,0,0,0,0,0,0,0
767105,0,0,0,0,0,0,0,0,0,0,0,0,0,0,0
11593452,0,0,0,0,0,0,0,0,0,0,0,0,0,0,0
807580,0,0,0,0,0,0,0,0,0,0,0,0,0,0,0
8573472,0,0,0,0,0,0,0,0,0,0,0,0,0,0,0
98899,0,0,0,0,0,0,0,0,0,0,0,0,0,0,0
441346,0,0,0,0,0,0,0,0,0,0,0,0,0,0,0
3038254,0,0,0,0,0,0,0,0,0,0,0,0,0,0,0
327019,0,0,0,0,0,0,0,0,0,0,0,0,0,0,0
867842,0,0,0,0,0,0,0,0,0,0,0,0,0,0,0
596443,0,0,0,0,0,0,0,0,0,0,0,0,0,0,0
10739306,0,0,0,0,0,0,0,0,0,0,0,0,0,0,0
119231,0,0,0,0,0,0,0,0,0,0,0,0,0,0,0
176984,0,0,0,0,0,0,0,0,0,0,0,0,0,0,0
937826,0,0,0,0,0,0,0,0,0,0,0,0,0,0,0
510459,0,0,0,0,0,0,0,0,0,0,0,0,0,0,0
13315,0,0,0,0,0,0,0,0,0,0,0,0,0,0,0
2922120,0,0,0,0,0,0,0,0,0,0,0,0,0,0,0
389390,0,0,0,0,0,0,0,0,0,0,0,0,0,0,0
999113,0,0,0,0,0,0,0,0,0,0,0,0,0,0,0
2377664,0,0,0,0,0,0,0,0,0,0,0,0,0,0,0
4278113,0,0,0,0,0,0,0,0,0,0,0,0,0,0,0
12542196,0,0,0,0,0,0,0,0,0,0,0,0,0,0,0
613729,0,0,0,0,0,0,0,0,0,0,0,0,0,0,0
868844,0,0,0,0,0,0,0,0,0,0,0,0,0,0,0
6068785,0,0,0,0,0,0,0,0,0,0,0,0,0,0,0
1041647,0,0,0,0,0,0,0,0,0,0,0,0,0,0,0
757502,0,0,0,0,0,0,0,0,0,0,0,0,0,0,0
218257,0,0,0,0,0,0,0,0,0,0,0,0,0,0,0
288709,0,0,0,0,0,0,0,0,0,0,0,0,0,0,0
2294695,0,0,0,0,0,0,0,0,0,0,0,0,0,0,0
9306961,0,0,0,0,0,0,0,0,0,0,0,0,0,0,0
2329683,0,0,0,0,0,0,0,0,0,0,0,0,0,0,0
10508071,0,0,0,0,0,0,0,0,0,0,0,0,0,0,0
17739158,0,0,0,0,0,0,0,0,0,0,0,0,0,0,0
6565629,0,0,0,0,0,0,0,0,0,0,0,0,0,0,0
2230985,0,0,0,0,0,0,0,0,0,0,0,0,0,2.71828182845904,0
30005173,0,0,0,0,0,0,0,0,0,0,0,0,0,0,0
158390,0,0,0,0,0,0,0,0,0,0,0,0,0,0,0
14093420,0,0,0,0,0,0,0,0,0,0,0,0,0,0,0
1819668,0,0,0,0,0,0,0,0,0,0,0,0,0,0,0
11757354,0,0,0,0,0,0,0,0,0,0,0,0,0,0,0
491720,0,0,0,0,0,0,0,0,0,2.71828182845904,0,0,0,0,0
1433730,0,0,0,0,0,2.71828182845904,0,0,0,0,0,0,0,0,0
7034281,0,0,0,0,0,0,0,0,0,0,0,0,0,0,0
30870051,0,0,0,0,0,0,0,0,0,0,0,0,0,0,0
11968040,0,0,0,0,0,0,0,0,0,0,0,0,0,0,0
18631055,0,0,0,0,0,0,0,0,0,0,0,0,0,0,0
7625337,0,0,0,0,0,0,0,0,0,0,0,0,0,0,0
1901195,0,0,0,0,0,0,0,0,0,0,0,0,0,0,0
17535,0,0,0,0,0,0,0,0,0,0,0,0,0,0,0
433725,0,0,0,0,0,0,0,0,0,0,0,0,0,0,0
11715799,0,0,0,0,0,0,0,0,0,0,0,0,0,0,0
18379589,0,0,0,0,0,0,0,0,0,0,0,0,0,0,0
19373317,0,0,0,0,0,0,0,0,0,0,0,0,0,0,0
4839964,0,0,0,0,0,0,0,0,0,0,0,0,0,0,0
3495674,0,0,0,0,0,0,0,0,0,0,0,0,0,0,0
12882743,0,0,0,0,0,0,0,0,0,0,0,0,0,0,0
6257382,0,0,0,0,0,0,0,0,0,0,0,0,0,0,0
264859,0,0,0,0,0,0,0,0,0,0,0,0,0,0,0
29576774,0,0,0,0,0,5.43656365691809,0,0,0,0,0,0,0,0,0
9252985,0,0,0,0,0,0,0,0,0,0,0,0,0,0,0
924465,0,0,0,0,0,0,0,0,0,0,0,0,0,0,0
9660325,0,0,0,0,0,0,0,0,0,0,0,0,0,0,0
609052,0,0,0,0,2.71828182845904,0,0,0,0,0,0,0,0,0,0
6627780,0,0,0,0,0,0,0,0,0,0,0,0,0,0,0
11780786,0,0,0,0,0,0,0,0,0,0,0,0,0,0,0
153413,0,0,0,0,0,0,0,0,0,0,0,0,0,0,0
127635,0,0,0,0,0,0,0,0,0,0,0,0,0,0,0
579,0,0,0,0,0,0,0,0,0,0,0,0,0,0,0
259739,0,0,0,0,0,0,0,0,0,0,0,0,0,0,0
13897419,0,0,0,0,0,0,0,0,0,0,0,0,0,0,0
426418,0,0,0,0,0,0,0,0,0,0,0,0,0,0,0
8597017,0,0,0,0,0,0,0,0,0,0,0,0,0,0,0
12512405,0,0,0,0,0,0,0,0,0,0,0,0,0,0,0
403268,0,0,0,0,0,0,0,0,0,0,0,0,0,0,0
2601989,0,0,0,0,0,0,0,0,0,0,0,0,0,0,0
1931010,0,0,0,0,0,0,0,0,0,0,0,0,0,0,0
14139770,0,0,0,0,0,0,0,0,0,0,0,0,0,0,0
1177304,0,0,0,0,0,0,0,0,0,0,0,0,0,0,0
25978914,0,0,0,0,0,0,0,0,0,0,0,0,0,0,0
1651439,0,0,0,0,0,0,0,0,0,0,0,0,0,0,0
41364327,0,0,0,0,0,0,0,0,0,0,0,0,0,0,0
352304,0,0,0,0,0,0,0,0,0,0,0,0,0,0,0
17894982,0,0,0,0,0,0,0,0,0,0,0,0,0,0,0
2608321,0,0,0,0,0,0,0,0,0,0,0,0,0,0,0
347870,0,0,0,0,0,0,0,0,0,0,0,0,0,0,0
11183852,0,0,0,0,0,0,0,0,0,0,0,0,0,0,0
15126694,0,0,0,0,0,0,0,0,0,0,0,0,0,0,0
10089668,0,0,0,0,0,0,0,0,0,0,0,0,0,0,0
11279351,0,0,0,0,0,0,0,0,0,0,0,0,0,0,0
518319,0,0,0,0,0,0,0,0,0,0,0,0,0,0,0
565558,0,0,0,0,0,0,0,0,0,0,0,0,0,0,0
1005116,0,0,0,0,0,0,0,0,0,0,0,0,0,0,0
6907399,0,0,0,0,0,0,0,0,0,0,0,0,0,0,0
405214,0,0,0,0,0,0,0,0,0,0,0,0,0,0,0
7041980,0,0,0,0,0,0,0,0,0,0,0,0,0,0,0
1424963,0,0,0,0,0,0,0,0,0,0,0,0,0,0,0
8702326,0,0,0,0,0,0,0,0,0,0,0,0,0,0,0
9251453,0,0,0,0,0,0,0,0,0,0,0,0,0,0,0
229881,0,0,0,0,0,0,0,0,0,0,0,0,0,0,0
3675357,0,0,0,0,0,0,0,0,0,0,0,0,0,0,0
1140553,0,0,0,0,0,0,0,0,0,0,0,0,0,0,0
182706,0,0,0,0,0,0,0,0,0,0,0,0,0,0,0
22562,0,0,0,0,0,0,0,0,0,0,0,0,0,0,0
19497908,0,0,0,0,0,0,0,0,0,0,0,0,0,0,0
15656860,0,0,0,0,0,0,0,0,0,0,0,0,0,0,0
1663259,0,0,0,0,0,0,0,0,0,0,0,0,0,0,0
10002753,0,0,0,0,0,0,0,0,0,0,0,0,0,0,0
2347454,0,0,0,0,0,0,0,0,0,0,0,0,0,0,0
11541408,0,0,0,0,0,0,0,0,0,0,0,0,0,0,0
7130689,0,0,0,0,0,0,0,0,0,0,0,0,0,0,0
25150721,0,0,0,0,0,0,0,0,0,0,0,0,0,0,0
676289,0,0,0,0,0,0,0,0,0,0,0,0,0,0,0
466761,0,0,0,0,0,0,0,0,0,0,0,0,0,0,0
5886475,0,0,0,0,0,0,0,0,0,0,0,0,0,0,0
12046617,0,0,0,0,0,0,0,0,0,0,0,0,0,0,0
6686486,0,0,0,0,0,0,0,0,0,0,0,0,0,0,0
1163342,0,0,0,0,0,0,0,0,0,0,0,0,0,0,0
527631,0,0,0,0,0,0,0,0,0,0,0,0,0,0,0
9661806,0,0,0,0,0,0,0,0,0,0,0,0,0,0,0
4964823,0,0,0,0,0,0,0,0,0,0,0,0,0,0,0
5355921,0,0,0,0,0,0,0,0,0,0,0,0,0,0,0
181527,0,0,0,0,0,0,0,0,0,0,0,0,0,0,0
11976448,0,0,0,0,0,0,0,0,0,0,0,0,0,0,0
192891,0,0,0,0,0,0,0,0,0,0,0,0,0,0,0
11734962,0,0,0,0,0,0,0,0,0,0,0,0,0,0,0
1495995,0,0,0,0,0,0,0,0,0,0,0,0,0,0,0
1651212,0,0,0,0,0,0,0,0,0,0,0,0,0,0,0
23753,0,0,0,0,0,0,0,0,0,0,0,0,0,0,0
739813,0,0,0,0,0,0,0,0,0,0,0,0,0,0,0
1848357,0,0,0,0,0,0,0,0,0,0,0,0,0,0,0
5035902,0,0,0,0,0,0,0,0,0,0,0,0,0,0,0
3967972,0,0,0,0,0,0,0,0,0,0,0,0,0,0,0
1449826,0,0,0,0,0,0,0,0,0,0,0,0,0,0,0
153481,0,0,0,0,0,0,0,0,0,0,0,0,0,0,0
166891,0,0,0,0,0,0,0,0,0,0,0,0,0,0,0
1898413,0,0,0,0,0,0,0,0,0,0,0,0,0,0,0
71256,0,0,0,0,0,0,0,0,0,0,0,0,0,0,0
17978,0,0,0,0,0,0,0,0,0,0,0,0,0,0,0
653553,0,0,0,0,0,0,0,0,0,0,0,0,0,0,0
5005154,0,0,2.71828182845904,0,0,0,0,0,0,0,0,0,0,0,0
78718,0,0,0,0,0,0,0,0,0,0,0,0,0,0,0
41524756,0,0,0,0,0,0,0,0,0,0,0,0,0,0,0
665754,0,0,0,0,0,0,0,0,0,0,0,0,0,0,0
17198500,0,0,0,0,0,0,0,0,0,0,0,0,0,0,0
29451294,0,0,0,0,0,0,0,0,0,0,0,0,0,0,0
6939381,0,0,0,0,0,0,0,0,0,0,0,0,0,0,0
9524411,0,0,0,0,0,0,0,0,0,0,0,0,0,0,0
25148017,0,0,0,0,0,0,0,0,0,0,0,0,0,0,0
20490671,0,0,0,0,0,0,0,0,0,0,0,0,0,0,0
23012087,0,0,0,0,0,0,0,0,0,0,0,0,0,0,0
21307931,0,0,0,0,0,0,0,0,0,0,0,0,0,0,0
1097241,0,0,0,0,0,0,0,0,0,0,0,0,0,0,0
1161104,0,0,0,0,0,0,0,0,0,0,0,0,0,0,0
349624,0,0,0,0,0,0,0,0,0,0,0,0,0,0,0
12691693,0,0,0,0,0,0,0,0,0,0,0,0,0,0,0
408016,0,0,0,0,0,0,0,0,0,0,0,0,0,0,0
9443787,0,0,0,0,0,0,0,0,0,0,0,0,0,0,0
186268,0,0,0,0,0,0,0,0,0,0,0,0,0,0,0
67512,0,0,0,0,0,0,0,0,0,0,0,0,0,0,0
45845,0,0,0,0,0,0,0,0,0,0,0,0,0,0,0
417751,0,0,0,0,0,0,0,0,0,0,0,0,0,0,0
7015868,0,0,0,0,0,0,0,0,0,0,0,0,0,0,0
1833493,0,0,0,0,0,0,0,0,0,0,0,0,0,0,0
470564,0,0,0,0,0,0,0,0,0,0,0,0,0,0,0
1907525,0,0,0,0,0,0,0,0,0,0,0,0,0,0,0
1459603,0,0,0,0,0,0,0,0,0,0,0,0,0,0,0
801895,0,0,0,0,0,0,0,0,0,0,0,0,0,0,0
20217061,0,0,0,0,0,0,0,0,0,0,0,0,0,0,0
170270,0,0,0,0,0,0,0,0,0,0,0,0,0,0,0
505619,0,0,0,0,0,2.71828182845904,0,0,0,0,0,0,0,0,0
876570,0,0,0,0,0,0,0,0,0,0,0,0,0,0,0
502396,0,0,0,0,0,0,0,0,0,0,0,0,0,0,0
6410538,0,0,0,0,0,0,0,0,0,0,0,0,0,0,0
234171,0,0,0,0,0,0,0,0,0,0,0,0,0,0,0
1404810,0,0,0,0,0,0,0,0,0,0,0,0,0,0,0
11404065,0,0,0,0,0,0,0,0,0,0,0,0,0,0,0
437517,0,0,0,0,0,0,0,0,0,0,0,0,0,0,0
81942,0,0,0,0,0,0,0,0,0,0,0,0,0,0,0
446127,0,0,0,0,0,0,0,0,0,0,0,0,0,0,0
10040293,0,0,0,0,0,0,0,0,0,0,0,0,0,0,0
190132,0,0,0,0,0,0,0,0,0,0,0,0,0,0,0
3114495,0,0,0,0,0,0,0,0,0,0,0,0,0,0,0
16160283,0,0,0,0,0,0,0,0,0,0,0,0,0,0,0
45027757,0,0,0,0,0,0,0,0,0,0,0,0,0,0,0
32992287,0,0,0,0,0,0,0,0,0,0,0,0,0,0,0
828701,0,0,0,0,0,0,0,0,0,0,0,0,0,0,0
3001791,0,0,0,0,0,0,0,0,0,0,0,0,0,0,0
3192142,0,0,0,0,0,0,0,0,0,0,0,0,0,0,0
7588876,0,0,0,0,0,0,0,0,0,0,0,0,0,0,0
14567045,0,0,0,0,0,0,0,0,0,0,0,0,0,0,0
22007498,0,0,0,0,0,2.71828182845904,0,0,0,0,0,0,0,0,0
14276970,0,0,0,0,0,0,0,0,0,0,0,0,0,0,0
1929183,0,0,0,0,0,0,0,0,0,0,0,0,0,0,0
2633065,0,0,0,0,0,0,0,0,0,0,0,0,0,0,0
1722371,0,0,0,0,0,2.71828182845904,0,0,0,0,0,0,0,0,0
15707013,0,0,0,0,0,0,0,0,0,0,0,0,0,0,0
19285393,0,0,0,0,0,0,0,0,0,0,0,0,0,0,0
112982,0,0,0,0,0,0,0,0,0,0,0,0,0,0,0
15273128,0,0,0,0,0,0,0,0,0,0,0,0,0,0,0
26544566,0,0,0,0,0,0,0,0,0,0,0,0,0,0,0
11557066,0,0,0,0,0,0,0,0,0,0,0,0,0,0,0
265630,0,0,0,0,0,0,0,0,0,0,0,0,0,0,0
1140945,0,0,0,0,0,0,0,0,0,0,0,0,0,0,0
9696959,0,0,0,0,0,0,0,0,0,0,0,0,0,0,0
973543,0,0,0,0,0,0,0,0,0,0,0,0,0,0,0
316371,0,0,0,0,0,0,0,0,0,0,0,0,0,0,0
11990241,0,0,0,0,0,0,0,0,0,0,0,0,0,0,0
8603524,0,0,0,0,0,0,0,0,0,0,0,0,0,0,0
12098035,0,0,0,0,0,0,0,0,0,0,0,0,0,0,0
6550787,0,0,0,0,0,0,0,0,0,0,0,0,0,0,0
552829,0,0,0,0,0,0,0,0,0,0,0,0,0,0,0
19277813,0,0,0,0,0,0,0,0,0,0,0,0,0,0,0
5550520,0,0,0,0,0,0,0,0,0,0,0,0,0,0,0
23213435,0,0,0,0,0,0,0,0,0,0,0,0,0,0,0
31533,0,0,0,0,0,0,0,0,0,0,0,0,0,0,0
1935258,0,0,0,0,0,0,0,0,0,0,0,0,0,0,0
25074747,0,0,0,0,0,0,0,0,0,0,0,0,0,0,0
3393115,0,0,0,0,0,0,0,0,0,0,0,0,0,0,0
34216291,0,0,0,0,0,0,0,0,0,0,0,0,0,0,0
12710227,0,0,0,0,0,0,0,0,0,0,0,0,0,0,0
142515,0,0,0,0,0,0,0,0,0,0,0,0,0,0,0
10280768,0,0,0,0,0,0,0,0,0,0,0,0,0,0,0
50854,0,0,0,0,0,0,0,0,0,0,0,0,0,0,0
1811616,0,0,0,0,0,0,0,0,0,0,0,0,0,0,0
10291060,0,0,0,0,0,0,0,0,0,0,0,0,0,0,0
18684747,0,0,0,0,0,0,0,0,0,0,0,0,0,0,0
13963132,0,0,0,0,0,0,0,0,0,0,0,0,0,0,0
1205255,0,0,0,0,0,0,0,0,0,0,0,0,0,0,0
35047,0,0,0,0,0,0,0,0,0,0,0,0,0,0,0
1068061,0,0,0,0,0,0,0,0,0,0,0,0,0,0,0
10776615,0,0,0,0,0,0,0,0,0,0,0,0,0,0,0
2168518,0,0,0,0,0,0,0,0,0,0,0,0,0,0,0
8202898,0,0,0,0,0,0,0,0,0,0,0,0,0,0,0
26627408,0,0,0,0,0,0,0,0,0,0,0,0,0,0,0
6515044,0,0,0,0,0,0,0,0,0,0,0,0,0,0,0
139133,0,0,0,0,0,0,0,0,0,0,0,0,0,0,0
189835,0,0,0,0,0,0,0,0,0,0,0,0,0,0,0
12471122,0,0,0,0,0,0,0,0,0,0,0,0,0,0,0
6065488,0,0,0,0,0,0,0,0,0,0,0,0,0,0,0
11370172,0,0,0,0,0,0,0,0,0,0,0,0,0,0,0
14758158,0,0,0,0,0,0,0,0,0,0,0,0,0,0,0
247721,0,0,0,0,0,0,0,0,0,0,0,0,0,0,0
13129865,0,0,0,0,0,0,0,0,0,0,0,0,0,0,0
1753746,0,0,0,0,0,0,0,0,0,0,0,0,0,0,0
8395036,0,0,0,0,0,0,0,0,0,0,0,0,0,0,0
24846546,0,0,0,0,0,0,0,0,0,0,0,0,0,0,0
9691497,0,0,0,0,0,0,0,0,0,0,0,0,0,0,0
1889831,0,0,0,0,0,0,0,0,0,0,0,0,0,0,0
1452895,0,0,0,0,0,0,0,0,0,0,0,0,0,0,0
883973,0,0,0,0,0,0,0,0,0,0,0,0,0,0,0
219051,0,0,0,0,0,0,0,0,0,0,0,0,0,0,0
392577,0,0,0,0,0,0,0,0,0,0,0,0,0,0,0
659945,0,0,0,0,0,0,0,0,0,0,0,0,0,0,0
29133776,0,0,0,0,0,0,0,0,0,0,0,0,0,0,0
2787876,0,0,0,0,0,0,0,0,0,0,0,0,0,0,0
1612196,0,0,0,0,0,0,0,0,0,0,0,0,0,0,0
33685660,0,0,0,0,0,0,0,0,0,0,0,0,0,0,0
6234862,0,0,0,0,0,0,0,0,0,0,0,0,0,0,0
178183,0,0,0,0,0,0,0,0,0,0,0,0,0,0,0
104052,0,0,0,0,0,0,0,0,0,0,0,0,0,0,0
8863613,0,0,0,0,0,0,0,0,0,0,0,0,0,0,0
5610279,0,0,0,0,0,0,0,0,0,0,0,0,0,0,0
320460,0,0,0,0,0,0,0,0,0,0,0,0,0,0,0
12928383,0,0,0,0,0,0,0,0,0,0,0,0,0,0,0
8995683,0,0,0,0,0,0,0,0,0,0,0,0,0,0,0
9058409,0,0,0,0,0,0,0,0,0,0,0,0,0,0,0
572141,0,0,0,0,0,0,0,0,0,0,0,0,0,0,0
774383,0,0,0,0,0,0,0,0,0,0,0,0,0,0,0
584423,0,0,0,0,0,0,0,0,0,0,0,0,0,0,0
55474,0,0,0,0,0,0,0,0,0,0,0,0,0,0,0
4194287,0,0,0,0,0,0,0,0,0,0,0,0,0,0,0
11241239,0,0,0,0,0,0,0,0,0,0,0,0,0,0,0
760204,0,0,0,0,0,0,0,0,0,0,0,0,0,0,0
9881434,0,0,0,0,0,0,0,0,0,0,0,0,0,0,0
42682205,0,0,0,0,0,0,0,0,0,0,0,0,0,0,0
19388148,0,0,0,0,0,0,0,0,0,0,0,0,0,0,0
36006,0,0,0,0,0,0,0,0,0,0,0,0,0,0,0
639601,0,0,0,0,0,0,0,0,0,0,0,0,0,0,0
17722900,0,0,0,0,0,0,0,0,0,0,0,0,0,0,0
16280023,0,0,0,0,0,2.71828182845904,0,0,0,0,0,0,0,0,0
551402,0,0,0,0,0,0,0,0,0,0,0,0,0,0,0
nan,0,0,0,0,0,0,0,0,0,0,0,0,0,0,0
602462,0,0,0,0,0,0,0,0,0,0,0,0,0,0,0
8873545,0,0,0,0,0,0,0,0,0,0,0,0,0,0,0
161631,0,0,0,0,0,0,0,0,0,0,0,0,0,0,0
1090826,0,0,0,0,0,0,0,0,0,0,0,0,0,0,0
19223482,0,0,0,0,0,0,0,0,0,0,0,0,0,0,0
17426603,0,0,0,0,0,0,0,0,0,0,0,0,0,0,0
17074894,0,0,0,0,0,0,0,0,0,0,0,0,0,0,0
10530980,0,0,0,0,0,0,0,0,0,0,0,0,0,0,0
13410355,0,0,0,0,0,0,0,0,0,0,0,0,0,0,0
1188951,0,0,0,0,0,0,0,0,0,0,0,0,0,0,0
1157412,0,0,0,0,0,0,0,0,0,0,0,0,0,0,0
6441326,0,0,0,0,0,0,0,0,0,0,0,0,0,0,0
6216576,0,0,0,0,0,0,0,0,0,0,0,0,0,0,0
6752598,0,0,0,0,0,0,0,0,0,0,0,0,0,0,0
4610706,0,0,0,0,0,0,0,0,0,0,0,0,0,0,0
731796,0,0,0,0,0,0,0,0,0,0,0,0,0,0,0
799202,0,0,0,0,0,0,0,0,0,0,0,0,0,0,0
7944,0,0,0,0,0,0,0,0,0,0,0,0,0,0,0
7202085,0,0,0,0,0,0,0,0,0,0,0,0,0,0,0
259818,0,0,0,0,0,0,0,0,0,0,0,0,0,0,0
1323793,0,0,0,0,0,0,0,0,0,0,0,0,0,0,0
3877883,0,0,0,0,0,0,0,0,0,0,0,0,0,0,0
14981026,0,0,0,0,0,0,0,0,0,0,0,0,0,0,0
13490408,0,0,0,0,0,0,0,0,0,0,0,0,0,0,0
8836578,0,0,0,0,0,0,0,0,0,0,0,0,0,0,0
10388933,0,0,0,0,0,0,0,0,0,0,0,0,0,0,0
169280,0,0,0,0,0,0,0,0,0,0,0,0,0,0,0
6191849,0,0,0,0,0,0,0,0,0,0,0,0,0,0,0
6393261,0,0,0,0,0,0,0,0,0,0,0,0,0,0,0
964952,0,0,0,0,0,0,0,0,0,0,0,0,0,0,0
11821205,0,0,0,0,0,0,0,0,0,0,0,0,0,0,0
7927517,0,0,0,0,0,0,0,0,0,0,0,0,0,0,0
73085,0,0,0,0,0,0,0,0,0,0,0,0,0,0,0
15275371,0,0,0,0,0,0,0,0,0,0,0,0,0,0,0
270688,0,0,0,0,0,0,0,0,0,0,0,0,0,0,0
5600924,0,0,0,0,0,0,0,0,0,0,0,0,0,0,0
32143325,0,0,0,0,0,0,0,0,0,0,0,0,0,0,0
7114503,0,0,0,0,0,0,0,0,0,0,0,0,0,0,0
3625244,0,0,0,0,0,0,0,0,0,0,0,0,0,0,0
1561378,0,0,0,0,0,0,0,0,0,0,0,0,0,0,0
3607926,0,0,0,0,0,0,0,0,0,0,0,0,0,0,0
6354455,0,0,0,0,0,0,0,0,0,0,0,0,0,0,0
1927579,0,0,0,0,0,0,0,0,0,0,0,0,0,0,0
801451,0,0,0,0,0,0,0,0,0,0,0,0,0,0,0
447478,0,0,0,0,0,0,0,0,0,0,0,0,0,0,0
588898,0,0,0,0,0,0,0,0,0,0,0,0,0,0,0
2788605,0,0,0,0,0,0,0,0,0,0,0,0,0,0,0
27819,0,0,0,0,0,0,0,0,0,0,0,0,0,0,0
6220422,0,0,0,0,0,0,0,0,0,0,0,0,0,0,0
4338,0,0,0,0,0,0,0,0,0,0,0,0,0,0,0
15850514,0,0,0,0,0,0,0,0,0,0,0,0,0,0,0
24783272,0,0,0,0,0,0,0,0,0,0,0,0,0,0,0
2545293,0,0,0,0,0,0,0,0,0,0,0,0,0,0,0
15608388,0,0,0,0,0,0,0,0,0,0,0,0,0,0,0
910691,0,0,0,0,0,0,0,0,0,0,0,0,0,0,0
7455872,0,0,0,0,0,0,0,0,0,0,0,0,0,0,0
12011447,0,0,0,0,0,0,0,0,0,0,0,0,0,0,0
82626,0,0,0,0,0,0,0,0,0,0,0,0,0,0,0
16020076,0,0,0,0,0,0,0,0,0,0,0,0,0,0,0
1001175,0,0,0,0,0,0,0,0,0,0,0,0,0,0,0
15161981,0,0,0,0,0,0,0,0,0,0,0,0,0,0,0
12075322,0,0,0,0,0,0,0,0,0,0,0,0,0,0,0
13561163,0,0,0,0,0,0,0,0,0,0,0,0,0,0,0
634573,0,0,0,0,0,0,0,0,0,0,0,0,0,0,0
6383605,0,0,0,0,0,0,0,0,0,0,0,0,0,0,0
nan,0,0,0,0,0,0,0,0,0,0,0,0,0,0,0
8107784,0,0,0,0,0,0,0,0,0,0,0,0,0,0,0
524382,0,0,0,0,0,0,0,0,0,0,0,0,0,0,0
89950,0,0,0,0,0,0,0,0,0,0,0,0,0,0,0
8184051,0,0,0,0,0,0,0,0,0,0,0,0,0,0,0
15843,0,0,0,0,0,0,0,0,0,0,0,0,0,0,0
66357,0,0,0,0,0,0,0,0,0,0,0,0,0,0,0
6677095,0,0,0,0,0,0,0,0,0,0,0,0,0,0,0
129203,0,0,0,0,0,0,0,0,0,0,0,0,0,0,0
1773260,0,0,0,0,0,0,0,0,0,0,0,0,0,0,0
830952,0,0,0,0,0,0,0,0,0,0,0,0,0,0,0
1255823,0,0,0,0,0,0,0,0,0,0,0,0,0,0,0
278641,0,0,0,0,0,0,0,0,0,0,0,0,0,0,0
355800,0,0,0,0,0,0,0,0,0,0,0,0,0,0,0
189580,0,0,0,0,0,0,0,0,0,0,0,0,0,0,0
5559820,0,0,0,0,0,0,0,0,0,0,0,0,0,0,0
5340081,0,0,0,0,0,0,0,0,0,0,0,0,0,0,0
4103081,0,0,0,0,0,0,0,0,0,0,0,0,0,0,0
3931155,0,0,0,0,0,0,0,0,0,0,0,0,0,0,0
156269,0,0,0,0,0,0,0,0,0,0,0,0,0,0,0
733364,0,0,0,0,0,0,0,0,0,0,0,0,0,0,0
19677511,0,0,0,0,0,0,0,0,0,0,0,0,0,0,0
80,0,0,0,0,0,0,0,0,0,0,0,0,0,0,0
966512,0,0,0,0,0,0,0,0,0,0,0,0,0,0,0
10825163,0,0,0,0,0,0,0,0,0,0,0,0,0,0,0
130371,0,0,0,0,0,0,0,0,0,0,0,0,0,0,0
128856,0,0,0,0,0,0,0,0,0,0,0,0,0,0,0
8540180,0,0,0,0,0,0,0,0,0,0,0,0,0,0,0
175264,0,0,0,0,0,0,0,0,0,0,0,0,0,0,0
93752,0,0,0,0,0,0,0,0,0,0,0,0,0,0,0
9084951,0,0,0,0,0,0,0,0,0,0,0,0,0,0,0
3054411,0,0,0,0,0,0,0,0,0,0,0,0,0,0,0
25242388,0,0,0,0,0,0,0,0,0,0,0,0,0,0,0
34204380,0,0,0,0,0,0,0,0,0,0,0,0,0,0,0
nan,0,0,0,0,0,0,0,0,0,0,0,0,0,0,0
nan,0,0,0,0,0,0,0,0,0,0,0,0,0,0,0
nan,0,0,0,0,0,0,0,0,0,0,0,0,0,0,0
nan,0,0,0,0,0,0,0,0,0,0,0,0,0,0,0
nan,0,0,0,0,0,0,0,0,0,0,0,0,0,0,0
16385790,0,0,0,0,0,0,0,0,0,0,0,0,0,0,0
7062160,0,0,0,0,0,0,0,0,0,0,0,0,0,0,0
14880332,0,0,0,0,0,0,0,0,0,0,0,0,0,0,0
1027513,0,0,0,0,0,0,0,0,0,0,0,0,0,0,0
1688420,0,0,0,0,0,0,0,0,0,0,0,0,0,0,0
9136206,0,0,0,0,0,0,0,0,0,0,0,0,0,0,0
23289745,0,0,0,0,0,0,0,0,0,0,0,0,0,0,0
8896530,0,0,0,0,0,0,0,0,0,0,0,0,0,0,0
979929,0,0,0,0,0,0,0,0,0,0,0,0,0,0,0
22196208,0,0,0,0,0,0,0,0,0,0,0,0,0,0,0
2361826,0,0,0,0,0,0,0,0,0,0,0,0,0,0,0
217065,0,0,0,0,0,0,0,0,0,0,0,0,0,0,0
4660500,0,0,0,0,0,0,0,0,0,0,0,0,0,0,0
854911,0,0,0,0,0,0,0,0,0,0,0,0,0,0,0
21042045,0,0,0,0,0,0,0,0,0,0,0,0,0,0,0
952539,0,0,0,0,0,0,0,0,0,0,0,0,0,0,0
7731478,0,0,0,0,0,0,0,0,0,0,0,0,0,0,0
376842,0,0,0,0,0,0,0,0,0,0,0,0,0,0,0
155710,0,0,0,0,0,0,0,0,0,0,0,0,0,0,0
7437410,0,0,0,0,0,0,0,0,0,0,0,0,0,0,0
588262,0,0,0,0,0,0,0,0,0,0,0,0,0,0,0
9676011,0,0,0,0,0,0,0,0,0,0,0,0,0,0,0
7142618,0,0,0,0,0,0,0,0,0,0,0,0,0,0,0
163642,0,0,0,0,0,0,0,0,0,0,0,0,0,0,0
1569843,0,0,0,0,0,0,0,0,0,0,0,0,0,0,0
1160705,0,0,0,0,0,0,0,0,0,0,0,0,0,0,0
9060496,0,0,0,0,0,0,0,0,0,0,0,0,0,0,0
6991779,0,0,0,0,0,0,0,0,0,0,0,0,0,0,0
10419222,0,0,0,0,0,0,0,0,0,0,0,0,0,0,0
1319028,0,0,0,0,0,0,0,0,0,0,0,0,0,0,0
682197,0,0,0,0,0,0,0,0,0,0,0,0,0,0,0
5158539,0,0,0,0,0,0,0,0,0,0,0,0,0,0,0
4695397,0,0,0,0,0,0,0,0,0,0,0,0,0,0,0
11913695,0,0,0,0,0,0,0,0,0,0,0,0,0,0,0
103052,0,0,0,0,0,0,0,0,0,0,0,0,0,0,0
1197615,0,0,0,0,0,0,0,0,0,0,0,0,0,0,0
2785744,0,0,0,0,0,0,0,0,0,0,0,0,0,0,0
6917800,0,0,0,0,0,0,0,0,0,0,0,0,0,0,0
627123,0,0,0,0,0,0,0,0,0,0,0,0,0,0,0
1127384,0,0,0,0,0,0,0,0,0,0,0,0,0,0,0
4448075,0,0,0,0,0,0,0,0,0,0,0,0,0,0,0
131406,0,0,0,0,0,0,0,0,0,0,0,0,0,0,0
13483453,0,0,0,0,0,0,0,0,0,0,0,0,0,0,0
4750614,0,0,0,0,0,0,0,0,0,0,0,0,0,0,0
1162863,0,0,0,0,0,0,0,0,0,0,0,0,0,0,0
4794630,0,0,0,0,0,0,0,0,0,0,0,0,0,0,0
432483,0,0,0,0,0,0,0,0,0,0,0,0,0,0,0
568962,0,0,0,0,0,0,0,0,0,0,0,0,0,0,0
6316590,0,0,0,0,0,0,0,0,0,0,0,0,0,0,0
39759,0,0,0,0,0,0,0,0,0,0,0,0,0,0,0
4390745,0,0,0,0,0,0,0,0,0,0,0,0,0,0,0
220205,0,0,0,0,0,0,0,0,0,0,0,0,0,0,0
121766,0,0,0,0,0,0,0,0,0,0,0,0,0,0,0
2505273,0,0,0,0,0,0,0,0,0,0,0,0,0,0,0
166834,0,0,0,0,0,0,0,0,0,0,0,0,0,0,0
188768,0,0,0,0,0,0,0,0,0,0,0,0,0,0,0
27189,0,0,0,0,0,0,0,0,0,0,0,0,0,0,0
1552189,0,0,0,0,0,0,0,0,0,0,0,0,0,0,0
944406,0,0,0,0,0,0,0,0,0,0,0,0,0,0,0
4678737,0,0,0,0,0,0,0,0,0,0,0,0,0,0,0
4003467,0,0,0,0,0,0,0,0,0,0,0,0,0,0,0
1365881,0,0,0,0,0,0,0,0,0,0,0,0,0,0,0
6786725,0,0,0,0,0,0,0,0,0,0,0,0,0,0,0
617000,0,0,0,0,0,0,0,0,0,0,0,0,0,0,0
10243572,0,0,0,0,2.71828182845904,0,0,0,0,0,0,0,0,0,0
2194310,0,0,0,0,0,0,0,0,0,0,0,0,0,0,0
16079556,0,0,0,0,0,0,0,0,0,0,0,0,0,0,0
2178449,0,0,0,0,0,0,0,0,0,0,0,0,0,0,0
47413,0,0,0,0,0,0,0,0,0,0,0,0,0,0,0
1384537,0,0,0,0,0,0,0,0,0,0,0,0,0,0,0
9086834,0,0,0,0,0,0,0,0,0,0,0,0,0,0,0
22550884,0,0,0,0,0,0,0,0,0,0,0,0,0,0,0
108959,0,0,0,0,0,0,0,0,0,0,0,0,0,0,0
5317799,0,0,0,0,0,0,0,0,0,0,0,0,0,0,0
15010749,0,0,0,0,0,0,0,0,0,0,0,0,0,0,0
1848673,0,0,0,0,0,0,0,0,0,0,0,0,0,0,0
8214060,0,0,0,0,0,0,0,0,0,0,0,0,0,0,0
970121,0,0,0,0,0,0,0,0,0,0,0,0,0,0,0
5688,0,0,0,0,0,0,0,0,0,0,0,0,0,0,0
18332,0,0,0,0,0,0,0,0,0,0,0,0,0,0,0
888283,0,0,0,0,0,0,0,0,0,0,0,0,0,0,0
6571445,0,0,0,0,0,0,0,0,0,0,0,0,0,0,0
368886,0,0,0,0,0,0,0,0,0,0,0,0,0,0,0
22891227,0,0,0,0,0,0,0,0,0,0,0,0,0,0,0
nan,0,0,0,0,0,0,0,0,0,0,0,0,0,0,0
30617226,0,0,0,0,0,0,0,0,0,0,0,0,0,0,0
14914451,0,0,0,0,0,0,0,0,0,0,0,0,0,0,0
238667,0,0,0,0,0,0,0,0,0,0,0,0,0,0,0
nan,0,0,0,0,0,0,0,0,0,0,0,0,0,0,0
32982227,0,0,0,0,0,0,0,0,0,0,0,0,0,0,0
nan,0,0,0,0,0,0,0,0,0,0,0,0,0,0,0
5750,0,0,0,0,0,0,0,0,0,0,0,0,0,0,0
29586131,0,0,0,0,0,0,0,0,0,0,0,0,0,0,0
116818,0,0,0,0,0,0,0,0,0,0,0,0,0,0,0
2543511,0,0,0,0,0,0,0,0,0,0,0,0,0,0,0
3424670,0,0,0,0,0,0,0,0,0,0,0,0,0,0,0
5133875,0,0,0,0,0,0,0,0,0,0,0,0,0,0,0
1459820,0,0,0,0,0,0,0,0,0,0,0,0,0,0,0
26118718,0,0,0,0,0,0,0,0,0,0,0,0,0,0,0
5803170,0,0,0,0,0,0,0,0,0,0,0,0,0,0,0
6517897,0,0,0,0,0,0,0,0,0,0,0,0,0,0,0
1812260,0,0,0,0,0,0,0,0,0,0,0,0,0,0,0
4925744,0,0,0,0,0,0,0,0,0,0,0,0,0,0,0
1016379,0,0,0,0,0,0,0,0,0,0,0,0,0,0,0
852171,0,0,0,0,0,0,0,0,0,0,0,0,0,0,0
1130473,0,0,0,0,0,0,0,0,0,0,0,0,0,0,0
9287,0,0,0,0,0,0,0,0,0,0,0,0,0,0,0
294429,0,0,0,0,0,0,0,0,0,0,0,0,0,0,0
993909,0,0,0,0,0,0,0,0,0,0,0,0,0,0,0
10450602,0,0,0,0,0,0,0,0,0,0,0,0,0,0,0
235574,0,0,0,0,0,2.71828182845904,0,0,0,0,0,0,0,0,0
25279263,0,0,0,0,0,0,0,0,0,0,0,0,0,0,0
8518303,0,0,0,0,0,0,0,0,0,0,0,0,0,0,0
32170938,0,0,0,0,0,0,0,0,0,0,0,0,0,0,0
43946230,0,0,0,0,0,0,0,0,0,0,0,0,0,0,0
201034,0,0,0,0,0,0,0,0,0,0,0,0,0,0,0
1144615,0,0,0,0,0,0,0,0,0,0,0,0,0,0,0
10708215,0,0,0,0,0,0,0,0,0,0,0,0,0,0,0
17562,0,0,0,0,0,0,0,0,0,0,0,0,0,0,0
2255752,0,0,0,0,0,0,0,0,0,0,0,0,0,0,0
469365,0,0,0,0,0,0,0,0,0,0,0,0,0,0,0
6953187,0,0,0,0,0,0,0,0,0,0,0,0,0,0,0
677030,0,0,0,0,0,0,0,0,0,0,0,0,0,0,0
25580,0,0,0,0,0,0,0,0,0,0,0,0,0,0,0
3509443,0,0,0,0,0,0,0,0,0,0,0,0,0,0,0
33538,0,0,0,0,0,0,0,0,0,0,0,0,0,0,0
1754873,0,0,0,0,0,0,0,0,0,0,0,0,0,0,0
8083892,0,0,0,0,0,0,0,0,0,0,0,0,0,0,0
25031476,0,0,0,0,0,0,0,0,0,0,0,0,0,0,0
8316625,0,0,0,0,0,0,0,0,0,0,0,0,0,0,0
43424668,0,0,0,0,0,0,0,0,0,0,0,0,0,0,0
7239575,0,0,0,0,0,0,0,0,0,0,0,0,0,0,0
1034582,0,0,0,0,0,0,0,0,0,0,0,0,0,0,0
3984979,0,0,0,0,0,0,0,0,0,0,0,0,0,0,0
38461805,0,0,0,0,0,0,0,0,0,0,0,0,0,0,0
557937,0,0,0,0,0,0,0,0,0,0,0,0,0,0,0
86499,0,0,0,0,0,0,0,0,0,0,0,0,0,0,0
14977595,0,0,0,0,0,0,0,0,0,0,0,0,0,0,0
1823405,0,0,0,0,0,0,0,0,0,0,0,0,0,0,0
40308900,0,0,0,0,0,0,0,0,0,0,0,0,0,0,0
305622,0,0,0,0,0,0,0,0,0,0,0,0,0,0,0
7765196,0,0,0,0,0,0,0,0,0,0,0,0,0,0,0
6459309,0,0,0,0,0,0,0,0,0,0,0,0,0,0,0
650035,0,0,0,0,0,0,0,0,0,0,0,0,0,0,0
876889,0,0,0,0,0,0,0,0,0,0,0,0,0,0,0
355454,0,0,0,0,0,0,0,0,0,0,0,0,0,0,0
13230284,0,0,0,0,0,0,0,0,0,0,0,0,0,0,0
4483844,0,0,0,0,0,0,0,0,0,0,0,0,0,0,0
5625083,0,0,0,0,0,0,0,0,0,0,0,0,0,0,0
23116619,0,0,0,0,0,0,0,0,0,0,0,0,0,0,0
12718219,0,0,0,0,0,0,0,0,0,0,0,0,0,0,0
97994,0,0,0,0,0,0,0,0,0,0,0,0,0,0,0
24248411,0,0,0,0,0,0,0,0,0,0,0,0,0,0,0
1079715,0,0,0,0,0,0,0,0,0,0,0,0,0,0,0
6511712,0,0,0,0,0,0,0,0,0,0,0,0,0,0,0
112746,0,0,0,0,0,0,0,0,0,0,0,0,0,0,0
12880673,0,0,0,0,0,0,0,0,0,0,0,0,0,0,0
715558,0,0,0,0,0,0,0,0,0,0,0,0,0,0,0
12371363,0,0,0,0,0,0,0,0,0,0,0,0,0,0,0
849613,0,0,0,0,0,0,0,0,0,0,0,0,0,0,0
34385198,0,0,0,0,0,0,0,0,0,0,0,0,0,0,0
6634592,0,0,0,0,0,0,0,0,0,0,0,0,0,0,0
65531,0,0,0,0,0,0,0,0,0,0,0,0,0,0,0
7554825,0,0,0,0,0,0,0,0,0,0,0,0,0,0,0
16002685,0,0,0,0,0,0,0,0,0,0,0,0,0,0,0
58273,0,0,0,0,0,0,0,0,0,0,0,0,0,0,0
9753149,0,0,0,0,0,0,0,0,0,0,0,0,0,0,0
16828078,0,0,0,0,0,0,0,0,0,0,0,0,0,0,0
4413735,0,0,0,0,0,0,0,0,0,0,0,0,0,0,0
545352,0,0,0,0,0,0,0,0,0,0,0,0,0,0,0
464978,0,0,0,0,0,0,0,0,0,0,0,0,0,0,0
359395,0,0,0,0,0,0,0,0,0,0,0,0,0,0,0
24768085,0,0,0,0,0,0,0,0,0,0,0,0,0,0,0
101800,0,0,0,0,0,0,0,0,0,0,0,0,0,0,0
13786931,0,0,0,0,0,0,0,0,0,0,0,0,0,0,0
1299873,0,0,0,0,0,0,0,0,0,0,0,0,0,0,0
6070939,0,0,0,0,0,0,0,0,0,0,0,0,0,0,0
5149847,0,0,0,0,0,0,0,0,0,0,0,0,0,0,0
22861368,0,0,0,0,0,0,0,0,0,0,0,0,0,0,0
2365820,0,0,0,0,0,0,0,0,0,0,0,0,0,0,0
24845478,0,0,0,0,0,0,0,0,0,0,0,0,0,0,0
9667758,0,0,0,0,0,0,0,0,0,0,0,0,0,0,0
7414255,0,0,0,0,0,0,0,0,0,0,0,0,0,0,0
1653598,0,0,0,0,0,0,0,0,0,0,0,0,0,0,0
6382186,0,0,0,0,0,0,0,0,0,0,0,0,0,0,0
2180969,0,0,0,0,0,0,0,0,0,0,0,0,0,0,0
1431530,0,0,0,0,0,0,0,0,0,0,0,0,0,0,0
4446950,0,0,0,0,0,0,0,0,0,0,0,0,0,0,0
478001,0,0,0,0,0,0,0,0,0,0,0,0,0,0,0
10336353,0,0,0,0,0,0,0,0,0,0,0,0,0,0,0
25746010,0,0,0,0,0,0,0,0,0,0,0,0,0,0,0
147840,0,0,0,0,0,0,0,0,0,0,0,0,0,0,0
6958076,0,0,0,0,0,0,0,0,0,0,0,0,0,0,0
nan,0,0,0,0,0,0,0,0,0,0,0,0,0,0,0
8364242,0,0,0,0,0,0,0,0,0,0,0,0,0,0,0
2708687,0,0,0,0,0,0,0,0,0,0,0,0,0,0,0
416524,0,0,0,0,0,0,0,0,0,0,0,0,0,0,0
1075063,0,0,0,0,0,0,0,0,0,0,0,0,0,0,0
13580199,0,0,0,0,0,0,0,0,0,0,0,0,0,0,0
23608309,0,0,0,0,0,0,0,0,0,0,0,0,0,0,0
16722535,0,0,0,0,0,0,0,0,0,0,0,0,0,0,0
1836388,0,0,0,0,0,0,0,0,0,0,0,0,0,0,0
4120386,0,0,0,0,0,0,0,0,0,0,0,0,0,0,0
68368,0,0,0,0,0,0,0,0,0,0,0,0,0,0,0
1925840,0,0,0,0,0,0,0,0,0,0,0,0,0,0,0
4357330,0,0,0,0,0,0,0,0,0,0,0,0,0,0,0
7998046,0,0,0,0,0,0,0,0,0,0,0,0,0,0,0
337009,0,0,0,0,0,0,0,0,0,0,0,0,0,0,0
200778,0,0,0,0,0,0,0,0,0,0,0,0,0,0,0
880513,0,0,0,0,0,0,0,0,0,0,0,0,0,0,0
413206,0,0,0,0,0,0,0,0,0,0,0,0,0,0,0
7688949,0,0,0,0,0,0,0,0,0,0,0,0,0,0,0
9692553,0,0,0,0,0,0,0,0,0,0,0,0,0,0,0
243995,0,0,0,0,0,0,0,0,0,0,0,0,0,0,0
1451750,0,0,0,0,0,0,0,0,0,0,0,0,0,0,0
11420660,0,0,0,0,0,0,0,0,0,0,0,0,0,0,0
4405297,0,0,0,0,0,0,0,0,0,0,0,0,0,0,0
494795,0,0,0,0,0,0,0,0,0,0,0,0,0,0,0
23146937,0,0,0,0,0,0,0,0,0,0,0,0,0,0,0
385385,0,0,0,0,0,0,0,0,0,0,0,0,0,0,0
652135,0,0,0,0,0,0,0,0,0,0,0,0,0,0,0
6936373,0,0,0,0,0,0,0,0,0,0,0,0,0,0,0
1271146,0,0,0,0,0,0,0,0,0,0,0,0,0,0,0
25966,0,0,0,0,0,0,0,0,0,0,0,0,0,0,0
4566555,0,0,0,0,0,0,0,0,0,0,0,0,0,0,0
613956,0,0,0,0,0,0,0,0,0,0,0,0,0,0,0
15010907,0,0,0,0,0,0,0,0,0,0,0,0,0,0,0
26846780,0,0,0,0,0,0,0,0,0,0,0,0,0,0,0
21000341,0,0,0,0,0,0,0,0,0,0,0,0,0,0,0
4013556,0,0,0,0,0,0,0,0,0,0,0,0,0,0,0
746130,0,0,0,0,0,0,0,0,0,0,0,0,0,0,0
18571086,0,0,0,0,0,0,0,0,0,0,0,0,0,0,0
9303047,0,0,0,0,0,0,0,0,0,0,0,0,0,0,0
45121127,0,0,0,0,0,0,0,0,0,0,0,0,0,0,0
1436675,0,0,0,0,0,0,0,0,0,0,0,0,0,0,0
38255093,0,0,0,0,0,0,0,0,0,0,0,0,0,0,0
119903,0,0,0,0,0,0,0,0,0,0,0,0,0,0,0
4390451,0,0,0,0,0,0,0,0,0,0,0,0,0,0,0
8013633,0,0,0,0,0,0,0,0,0,0,0,0,0,0,0
17091490,0,0,0,0,0,0,0,0,0,0,0,0,0,0,0
2819448,0,0,0,0,0,0,0,0,0,0,0,0,0,0,0
3677693,0,0,0,0,0,0,0,0,0,0,0,0,0,0,0
2264215,0,0,0,0,0,0,0,0,0,0,0,0,0,0,0
206827,0,0,0,0,0,0,0,0,0,0,0,0,0,0,0
20948883,0,0,0,0,0,0,0,0,0,0,0,0,0,0,0
8060102,0,0,0,0,0,0,0,0,0,0,0,0,0,0,0
5745702,0,0,0,0,0,0,0,0,0,0,0,0,0,0,0
1211498,0,0,0,0,0,0,0,0,0,0,0,0,0,0,0
1078011,0,0,0,0,0,0,0,0,0,0,0,0,0,0,0
4438263,0,0,0,0,0,0,0,0,0,0,0,0,0,0,0
nan,0,0,0,0,0,0,0,0,0,0,0,0,0,0,0
2753650,0,0,0,0,0,0,0,0,0,0,0,0,0,0,0
15166009,0,0,0,0,0,0,0,0,0,0,0,0,0,0,0
5496931,0,0,0,0,0,0,0,0,0,0,0,0,0,0,0
6612596,0,0,0,0,0,0,0,0,0,0,0,0,0,0,0
10987970,0,0,0,0,0,0,0,0,0,0,0,0,0,0,0
9907610,0,0,0,0,0,0,0,0,0,0,0,0,0,0,0
3780767,0,0,0,0,0,0,0,0,0,0,0,0,0,0,0
4908139,0,0,0,0,0,0,0,0,0,0,0,0,0,0,0
1547648,0,0,0,0,0,0,0,0,0,0,0,0,0,0,0
1092909,0,0,0,0,0,0,0,0,0,0,0,0,0,0,0
44070048,0,0,0,0,0,0,0,0,0,0,0,0,0,0,0
16912653,0,0,0,0,0,0,0,0,0,0,0,0,0,0,0
887316,0,0,0,0,0,0,0,0,0,0,0,0,0,0,0
9514958,0,0,0,0,0,0,0,0,0,0,0,0,0,0,0
3310803,0,0,0,0,0,0,0,0,0,0,0,0,0,0,0
13561342,0,0,0,0,0,0,0,0,0,0,0,0,0,0,0
17820596,0,0,0,0,0,0,0,0,0,0,0,0,0,0,0
10894677,0,0,0,0,0,0,0,0,0,0,0,0,0,0,0
7041728,0,0,0,0,0,0,0,0,0,0,0,0,0,0,0
29517764,0,0,0,0,0,0,0,0,0,0,0,0,0,0,0
30566406,0,0,0,0,0,0,0,0,0,0,0,0,0,0,0
8864716,0,0,0,0,0,0,0,0,0,0,0,0,0,0,0
1538020,0,0,0,0,0,0,0,0,0,0,0,0,0,0,0
2843450,0,0,0,0,0,0,0,0,0,0,0,0,0,0,0
nan,0,0,0,0,0,0,0,0,0,0,0,0,0,0,0
11139560,0,0,0,0,0,0,0,0,0,0,0,0,0,0,0
nan,0,0,0,0,0,0,0,0,0,0,0,0,0,0,0
nan,0,0,0,0,0,0,0,0,0,0,0,0,0,0,0
nan,0,0,0,0,0,0,0,0,0,0,0,0,0,0,0
nan,0,0,0,0,0,0,0,0,0,0,0,0,0,0,0
nan,0,0,0,0,0,0,0,0,0,0,0,0,0,0,0
427398,0,0,0,0,0,0,0,0,0,0,0,0,0,0,0
7733915,0,0,0,0,0,0,0,0,0,0,0,0,0,0,0
2941178,0,0,0,0,0,0,0,0,0,0,0,0,0,0,0
10515894,0,0,0,0,0,0,0,0,0,0,0,0,0,0,0
3322496,0,0,0,0,0,0,0,0,0,0,0,0,0,0,0
6784159,0,0,0,0,0,0,0,0,0,0,0,0,0,0,0
nan,0,0,0,0,0,0,0,0,0,0,0,0,0,0,0
675313,0,0,0,0,0,0,0,0,0,0,0,0,0,0,0
1370957,0,0,0,0,0,0,0,0,0,0,0,0,0,0,0
7589596,0,0,0,0,0,0,0,0,0,0,0,0,0,0,0
1610642,0,0,0,0,0,0,0,0,0,0,0,0,0,0,0
nan,0,0,0,0,0,0,0,0,0,0,0,0,0,0,0
15636985,0,0,0,0,0,0,0,0,0,0,0,0,0,0,0
14098340,0,0,0,0,0,0,0,0,0,0,0,0,0,0,0
nan,0,0,0,0,0,0,0,0,0,0,0,0,0,0,0
nan,0,0,0,0,0,0,0,0,0,0,0,0,0,0,0
nan,0,0,0,0,0,0,0,0,0,0,0,0,0,0,0
8341971,0,0,0,0,0,0,0,0,0,0,0,0,0,0,0
4256376,0,0,0,0,0,0,0,0,0,0,0,0,0,0,0
17049809,0,0,0,0,0,0,0,0,0,0,0,0,0,0,0
2145092,0,0,0,0,0,0,0,0,0,0,0,0,0,0,0
159073,0,0,0,0,0,0,0,0,0,0,0,0,0,0,0
40025723,0,0,0,0,0,0,0,0,0,0,0,0,0,0,0
12000727,0,0,0,0,0,0,0,0,0,0,0,0,0,0,0
3408176,0,0,0,0,0,0,0,0,0,0,0,0,0,0,0
1050904,0,0,0,0,0,0,0,0,0,0,0,0,0,0,0
9928717,0,0,0,0,0,0,0,0,0,0,0,0,0,0,0
803701,0,0,0,0,0,0,0,0,0,0,0,0,0,0,0
1981088,0,0,0,0,0,0,0,0,0,0,0,0,0,0,0
2011351,0,0,0,0,0,0,0,0,0,0,0,0,0,0,0
3460750,0,0,0,0,0,0,0,0,0,0,0,0,0,0,0
5013206,0,0,0,0,0,0,0,0,0,0,0,0,0,0,0
19511039,0,0,0,0,0,0,0,0,0,0,0,0,0,0,0
1106770,0,0,0,0,0,0,0,0,0,0,0,0,0,0,0
17228799,0,0,0,0,0,0,0,0,0,0,0,0,0,0,0
8724997,0,0,0,0,0,0,0,0,0,0,0,0,0,0,0
46383452,0,0,0,0,0,0,0,0,0,0,0,0,0,0,0
17788344,0,0,0,0,0,0,0,0,0,0,0,0,0,0,0
12592200,0,0,0,0,0,0,0,0,0,0,0,0,0,0,0
5443053,0,0,0,0,0,0,0,0,0,0,0,0,0,0,0
12564217,0,0,0,0,0,0,0,0,0,0,0,0,0,0,0
8079370,0,0,0,0,0,0,0,0,0,0,0,0,0,0,0
19703819,0,0,0,0,0,0,0,0,0,0,0,0,0,0,0
8228740,0,0,0,0,0,0,0,0,0,0,0,0,0,0,0
13568167,0,0,0,0,0,0,0,0,0,0,0,0,0,0,0
13461547,0,0,0,0,0,0,0,0,0,0,0,0,0,0,0
261265,0,0,0,0,0,0,0,0,0,0,0,0,0,0,0
7419215,0,0,0,0,0,0,0,0,0,0,0,0,0,0,0
1257695,0,0,0,0,0,0,0,0,0,0,0,0,0,0,0
1139696,0,0,0,0,0,0,0,0,0,0,0,0,0,0,0
1374176,0,0,0,0,0,0,0,0,0,0,0,0,0,0,0
1414712,0,0,0,0,0,0,0,0,0,0,0,0,0,0,0
3009753,0,0,0,0,0,0,0,0,0,0,0,0,0,0,0
10534634,0,0,0,0,0,0,0,0,0,0,0,0,0,0,0
1814479,0,0,0,0,0,0,0,0,0,0,0,0,0,0,0
6722877,0,0,0,0,0,0,0,0,0,0,0,0,0,0,0
74390,0,0,0,0,0,0,0,0,0,0,0,0,0,0,0
1067403,0,0,0,0,0,0,0,0,0,0,0,0,0,0,0
31617985,0,0,0,0,0,0,0,0,0,0,0,0,0,0,0
12615148,0,0,0,0,0,0,0,0,0,0,0,0,0,0,0
1953256,0,0,0,0,0,0,0,0,0,0,0,0,0,0,0
736085,0,0,0,0,0,0,0,0,0,0,0,0,0,0,0
33423172,0,0,0,0,0,0,0,0,0,0,0,0,0,0,0
251000,0,0,0,0,0,0,0,0,0,0,0,0,0,0,0
85790,0,0,0,0,0,0,0,0,0,0,0,0,0,0,0
5440566,0,0,0,0,0,0,0,0,0,0,0,0,0,0,0
132260,0,0,0,0,0,0,0,0,0,0,0,0,0,0,0
7881228,0,0,0,0,0,0,0,0,0,0,0,0,0,0,0
3577250,0,0,0,0,0,0,0,0,0,0,0,0,0,0,0
2227152,0,0,0,0,0,0,0,0,0,0,0,0,0,0,0
3192959,0,0,0,0,0,0,0,0,0,0,0,0,0,0,0
25462850,0,0,0,0,0,0,0,0,0,0,0,0,0,0,0
2835225,0,0,0,0,0,0,0,0,0,0,0,0,0,0,0
29660847,0,0,0,0,0,0,0,0,0,0,0,0,0,0,0
284734,0,0,0,0,0,0,0,0,0,0,0,0,0,0,0
365944,0,0,0,0,0,0,0,0,0,0,0,0,0,0,0
16276646,0,0,0,0,0,0,0,0,0,0,0,0,0,0,0
11422270,0,0,0,0,0,0,0,0,0,0,0,0,0,0,0
705500,0,0,0,0,0,0,0,0,0,0,0,0,0,0,0
9613701,0,0,0,0,0,0,0,0,0,0,0,0,0,0,0
1998104,0,0,0,0,0,0,0,0,0,0,0,0,0,0,0
1440999,0,0,0,0,0,0,0,0,0,0,0,0,0,0,0
1480063,0,0,0,0,0,0,0,0,0,0,0,0,0,0,0
30504865,0,0,0,0,0,0,0,0,0,0,0,0,0,0,0
16600982,0,0,0,0,0,0,0,0,0,0,0,0,0,0,0
6807659,0,0,0,0,0,0,0,0,0,0,0,0,0,0,0
11983862,0,0,0,0,0,0,0,0,0,0,0,0,0,0,0
261671,0,0,0,0,0,0,0,0,0,0,0,0,0,0,0
5091521,0,0,0,0,0,0,0,0,0,0,0,0,0,0,0
7835569,0,0,0,0,0,0,0,0,0,0,0,0,0,0,0
32555128,0,0,0,0,0,0,0,0,0,0,0,0,0,0,0
5232841,0,0,0,0,0,0,0,0,0,0,0,0,0,0,0
5447826,0,0,0,0,0,0,0,0,0,0,0,0,0,0,0
1943888,0,0,0,0,0,0,0,0,0,0,0,0,0,0,0
621541,0,0,0,0,0,0,0,0,0,0,0,0,0,0,0
4118690,0,0,0,0,0,0,0,0,0,0,0,0,0,0,0
10730644,0,0,0,0,0,0,0,0,0,0,0,0,0,0,0
10533638,0,0,0,0,0,0,0,0,0,0,0,0,0,0,0
6593185,0,0,0,0,0,0,0,0,0,0,0,0,0,0,0
10376724,0,0,0,0,0,0,0,0,0,0,0,0,0,0,0
8377369,0,0,0,0,0,0,0,0,0,0,0,0,0,0,0
100928,0,0,0,0,0,0,0,0,0,0,0,0,0,0,0
2017547,0,0,0,0,0,0,0,0,0,0,0,0,0,0,0
1751772,0,0,0,0,0,0,0,0,0,0,0,0,0,0,0
12513597,0,0,0,0,0,0,0,0,0,0,0,0,0,0,0
15719232,0,0,0,0,0,0,0,0,0,0,0,0,0,0,0
9713228,0,0,0,0,0,0,0,0,0,0,0,0,0,0,0
7953527,0,0,0,0,0,0,0,0,0,0,0,0,0,0,0
585086,0,0,0,0,0,0,0,0,0,0,0,0,0,0,0
1692542,0,0,0,0,0,0,0,0,0,0,0,0,0,0,0
14335127,0,0,0,0,0,0,0,0,0,0,0,0,0,0,0
10246286,0,0,0,0,0,0,0,0,0,0,0,0,0,0,0
1764512,0,0,0,0,0,0,0,0,0,0,0,0,0,0,0
7948154,0,0,0,0,0,0,0,0,0,0,0,0,0,0,0
4629794,0,0,0,0,0,0,0,0,0,0,0,0,0,0,0
3058150,0,0,0,0,0,0,0,0,0,0,0,0,0,0,0
7238770,0,0,0,0,0,0,0,0,0,0,0,0,0,0,0
4044581,0,0,0,0,0,0,0,0,0,0,0,0,0,0,0
6533521,0,0,0,0,0,0,0,0,0,0,0,0,0,0,0
7670632,0,0,0,0,0,0,0,0,0,0,0,0,0,0,0
10661789,0,0,0,0,0,0,0,0,0,0,0,0,0,0,0
334851,0,0,0,0,0,0,0,0,0,0,0,0,0,0,0
16877268,0,0,0,0,0,0,0,0,0,0,0,0,0,0,0
532688,0,0,0,0,0,0,0,0,0,0,0,0,0,0,0
1269468,0,0,0,0,0,0,0,0,0,0,0,0,0,0,0
1758366,0,0,0,0,0,0,0,0,0,0,0,0,0,0,0
18022260,0,0,0,0,0,0,0,0,0,0,0,0,0,0,0
2500247,0,0,0,0,0,0,0,0,0,0,0,0,0,0,0
422013,0,0,0,0,0,0,0,0,0,0,0,0,0,0,0
1169286,0,0,0,0,0,0,0,0,0,0,0,0,0,0,0
4520820,0,0,0,0,0,0,0,0,0,0,0,0,0,0,0
5092987,0,0,0,0,0,0,0,0,0,0,0,0,0,0,0
20735482,0,0,0,0,0,0,0,0,0,0,0,0,0,0,0
433468,0,0,0,0,0,0,0,0,0,0,0,0,0,0,0
5678694,0,0,0,0,0,0,0,0,0,0,0,0,0,0,0
14073294,0,0,0,0,0,0,0,0,0,0,0,0,0,0,0
33054233,0,0,0,0,0,0,0,0,0,0,0,0,0,0,0
3364650,0,0,0,0,0,0,0,0,0,0,0,0,0,0,0
144412,0,0,0,0,0,0,0,0,0,0,0,0,0,0,0
1091422,0,0,0,0,0,0,0,0,0,0,0,0,0,0,0
5358146,0,0,0,0,0,0,0,0,0,0,0,0,0,0,0
114454,0,0,0,0,0,0,0,0,0,0,0,0,0,0,0
681239,0,0,0,0,0,0,0,0,0,0,0,0,0,0,0
793982,0,0,0,0,0,0,0,0,0,0,0,0,0,0,0
20868551,0,0,0,0,0,0,0,0,0,0,0,0,0,0,0
241873,0,0,0,0,0,0,0,0,0,0,0,0,0,0,0
2253649,0,0,0,0,0,0,0,0,0,0,0,0,0,0,0
175530,0,0,0,0,0,0,0,0,0,0,0,0,0,0,0
5832730,0,0,0,0,0,0,0,0,0,0,0,0,0,0,0
1215971,0,0,0,0,0,0,0,0,0,0,0,0,0,0,0
9343089,0,0,0,0,0,0,0,0,0,0,0,0,0,0,0
8624778,0,0,0,0,0,0,0,0,0,0,0,0,0,0,0
985607,0,0,0,0,0,0,0,0,0,0,0,0,0,0,0
443663,0,0,0,0,0,0,0,0,0,0,0,0,0,0,0
635512,0,0,0,0,0,0,0,0,0,0,0,0,0,0,0
2851517,0,0,0,0,0,0,0,0,0,0,0,0,0,0,0
7524890,0,0,0,0,0,0,0,0,0,0,0,0,0,0,0
132233,0,0,0,0,0,0,0,0,0,0,0,0,0,0,0
23414112,0,0,0,0,0,0,0,0,0,0,0,0,0,0,0
4624411,0,0,0,0,0,0,0,0,0,0,0,0,0,0,0
5157107,0,0,0,0,0,0,0,0,0,0,0,0,0,0,0
11230479,0,0,0,0,0,0,0,0,0,0,0,0,0,0,0
195826,0,0,0,0,0,0,0,0,0,0,0,0,0,0,0
24521454,0,0,0,0,0,0,0,0,0,0,0,0,0,0,0
1280719,0,0,0,0,0,0,0,0,0,0,0,0,0,0,0
662371,0,0,0,0,0,0,0,0,0,0,0,0,0,0,0
21197807,0,0,0,0,0,0,0,0,0,0,0,0,0,0,0
4469502,0,0,0,0,0,0,0,0,0,0,0,0,0,0,0
15719653,0,0,0,0,0,0,0,0,0,0,0,0,0,0,0
171239,0,0,0,0,0,0,0,0,0,0,0,0,0,0,0
24447838,0,0,0,0,0,0,0,0,0,0,0,0,0,0,0
1442575,0,0,0,0,0,0,0,0,0,0,0,0,0,0,0
7169311,0,0,0,0,0,0,0,0,0,0,0,0,0,0,0
1377,0,0,0,0,0,0,0,0,0,0,0,0,0,0,0
443639,0,0,0,0,0,0,0,0,0,0,0,0,0,0,0
2174968,0,0,0,0,0,0,0,0,0,0,0,0,0,0,0
364532,0,0,0,0,0,0,0,0,0,0,0,0,0,0,0
34695,0,0,0,0,0,0,0,0,0,0,0,0,0,0,0
833473,0,0,0,0,0,0,0,0,0,0,0,0,0,0,0
1348991,0,0,0,0,0,0,0,0,0,0,0,0,0,0,0
12057627,0,0,0,0,0,0,0,0,0,0,0,0,0,0,0
1740229,0,0,0,0,0,0,0,0,0,0,0,0,0,0,0
5500080,0,0,0,0,0,0,0,0,0,0,0,0,0,0,0
10616396,0,0,0,0,0,0,0,0,0,0,0,0,0,0,0
127971,0,0,0,0,0,0,0,0,0,0,0,0,0,0,0
509375,0,0,0,0,0,0,0,0,0,0,0,0,0,0,0
3827565,0,0,0,0,0,0,0,0,0,0,0,0,0,0,0
233541,0,0,0,0,0,0,0,0,0,0,0,0,0,0,0
8008055,0,0,0,0,0,0,0,0,0,0,0,0,0,0,0
25829,0,0,0,0,0,0,0,0,0,0,0,0,0,0,0
15943003,0,0,0,0,0,0,0,0,0,0,0,0,0,0,0
13756727,0,0,0,0,0,0,0,0,0,0,0,0,0,0,0
993508,0,0,0,0,0,0,0,0,0,0,0,0,0,0,0
515506,0,0,0,0,0,0,0,0,0,0,0,0,0,0,0
11621037,0,0,0,0,0,0,0,0,0,0,0,0,0,0,0
8000808,0,0,0,0,0,0,0,0,0,0,0,0,0,0,0
9672257,0,0,0,0,0,0,0,0,0,0,0,0,0,0,0
20189491,0,0,0,0,0,0,0,0,0,0,0,0,0,0,0
26514778,0,0,0,0,0,0,0,0,0,0,0,0,0,0,0
9402714,0,0,0,0,0,0,0,0,0,0,0,0,0,0,0
289004,0,0,0,0,0,0,0,0,0,0,0,0,0,0,0
565765,0,0,0,0,0,0,0,0,0,0,0,0,0,0,0
4078325,0,0,0,0,0,0,0,0,0,0,0,0,0,0,0
5329230,0,0,0,0,0,0,0,0,0,0,0,0,0,0,0
8397274,0,0,0,0,0,0,0,0,0,0,0,0,0,0,0
1231635,0,0,0,0,0,0,0,0,0,0,0,0,0,0,0
7693422,0,0,0,0,0,0,0,0,0,0,0,0,0,0,0
19714,0,0,0,0,0,0,0,0,0,0,0,0,0,0,0
14335429,0,0,0,0,0,0,0,0,0,0,0,0,0,0,0
2931196,0,0,0,0,0,0,0,0,0,0,0,0,0,0,0
2361140,0,0,0,0,0,0,0,0,0,0,0,0,0,0,0
590520,0,0,0,0,0,0,0,0,0,0,0,0,0,0,0
11979939,0,0,0,0,0,0,0,0,0,0,0,0,0,0,0
261488,0,0,0,0,0,0,0,0,0,0,0,0,0,0,0
569527,0,0,0,0,0,0,0,0,0,0,0,0,0,0,0
13130929,0,0,0,0,0,0,0,0,0,0,0,0,0,0,0
3293332,0,0,0,0,0,0,0,0,0,0,0,0,0,0,0
321201,0,0,0,0,0,0,0,0,0,0,0,0,0,0,0
3174006,0,0,0,0,0,0,0,0,0,0,0,0,0,0,0
617638,0,0,0,0,0,0,0,0,0,0,0,0,0,0,0
25020067,0,0,0,0,0,0,0,0,0,0,0,0,0,0,0
3524687,0,0,0,0,0,0,0,0,0,0,0,0,0,0,0
1824298,0,0,0,0,0,0,0,0,0,0,0,0,0,0,0
379606,0,0,0,0,0,0,0,0,0,0,0,0,0,0,0
1610233,0,0,0,0,0,0,0,0,0,0,0,0,0,0,0
1131567,0,0,0,0,0,0,0,0,0,0,0,0,0,0,0
3802753,0,0,0,0,0,0,0,0,0,0,0,0,0,0,0
24884095,0,0,0,0,0,0,0,0,0,0,0,0,0,0,0
1748653,0,0,0,0,0,0,0,0,0,0,0,0,0,0,0
3952583,0,0,0,0,0,0,0,0,0,0,0,0,0,0,0
7684574,0,0,0,0,0,0,0,0,0,0,0,0,0,0,0
11801881,0,0,0,0,0,0,0,0,0,0,0,0,0,0,0
1906967,0,0,0,0,0,0,0,0,0,0,0,0,0,0,0
1382609,0,0,0,0,0,0,0,0,0,0,0,0,0,0,0
5215027,0,0,0,0,0,0,0,0,0,0,0,0,0,0,0
5234060,0,0,0,0,0,0,0,0,0,0,0,0,0,0,0
305455,0,0,0,0,0,0,0,0,0,0,0,0,0,0,0
1794907,0,0,0,0,0,0,0,0,0,0,0,0,0,0,0
4542024,0,0,0,0,0,0,0,0,0,0,0,0,0,0,0
9162706,0,0,0,0,0,0,0,0,0,0,0,0,0,0,0
12443664,0,0,0,0,0,0,0,0,0,0,0,0,0,0,0
976391,0,0,0,0,0,0,0,0,0,0,0,0,0,0,0
156867,0,0,0,0,0,0,0,0,0,0,0,0,0,0,0
4337080,0,0,0,0,0,0,0,0,0,0,0,0,0,0,0
114976,0,0,0,0,0,0,0,0,0,0,0,0,0,0,0
1746853,0,0,0,0,0,0,0,0,0,0,0,0,0,0,0
170197,0,0,0,0,0,0,0,0,0,0,0,0,0,0,0
5655189,0,0,0,0,0,0,0,0,0,0,0,0,0,0,0
8139283,0,0,0,0,0,0,0,0,0,0,0,0,0,0,0
1420843,0,0,0,0,0,0,0,0,0,0,0,0,0,0,0
856469,0,0,0,0,0,0,0,0,0,0,0,0,0,0,0
53454,0,0,0,0,0,0,0,0,0,0,0,0,0,0,0
829827,0,0,0,0,0,0,0,0,0,0,0,0,0,0,0
7886068,0,0,0,0,0,0,0,0,0,0,0,0,0,0,0
109983,0,0,0,0,0,0,0,0,0,0,0,0,0,0,0
237796,0,0,0,0,0,0,0,0,0,0,0,0,0,0,0
1559888,0,0,0,0,0,0,0,0,0,0,0,0,0,0,0
7834613,0,0,0,0,0,0,0,0,0,0,0,0,0,0,0
nan,0,0,0,0,0,0,0,0,0,0,0,0,0,0,0
nan,0,0,0,0,0,0,0,0,0,0,0,0,0,0,0
nan,0,0,0,0,0,0,0,0,0,0,0,0,0,0,0
nan,0,0,0,0,0,0,0,0,0,0,0,0,0,0,0
nan,0,0,0,0,0,0,0,0,0,0,0,0,0,0,0
nan,0,0,0,0,0,0,0,0,0,0,0,0,0,0,0
1490,0,0,0,0,0,0,0,0,0,0,0,0,0,0,0
4800357,0,0,0,0,0,0,0,0,0,0,0,0,0,0,0
806363,0,0,0,0,0,0,0,0,0,0,0,0,0,0,0
2441666,0,0,0,0,0,0,0,0,0,0,0,0,0,0,0
4212452,0,0,0,0,0,0,0,0,0,0,0,0,0,0,0
12154939,0,0,0,0,0,0,0,0,0,0,0,0,0,0,0
13672036,0,0,0,0,0,0,0,0,0,0,0,0,0,0,0
7131961,0,0,0,0,0,0,0,0,0,0,0,0,0,0,0
6042252,0,0,0,0,0,0,0,0,0,0,0,0,0,0,0
5757415,0,0,0,0,0,0,0,0,0,0,0,0,0,0,0
15734957,0,0,0,0,0,0,0,0,0,0,0,0,0,0,0
290472,0,0,0,0,0,0,0,0,0,0,0,0,0,0,0
695933,0,0,0,0,0,0,0,0,0,0,0,0,0,0,0
835690,0,0,0,0,0,0,0,0,0,0,0,0,0,0,0
24298434,0,0,0,0,0,0,0,0,0,0,0,0,0,0,0
7897262,0,0,0,0,0,0,0,0,0,0,0,0,0,0,0
4521223,0,0,0,0,0,0,0,0,0,0,0,0,0,0,0
3819165,0,0,0,0,0,0,0,0,0,0,0,0,0,0,0
2043262,0,0,0,0,0,0,0,0,0,0,0,0,0,0,0
2343630,0,0,0,0,0,0,0,0,0,0,0,0,0,0,0
11352152,0,0,0,0,0,0,0,0,0,0,0,0,0,0,0
6272507,0,0,0,0,0,0,0,0,0,0,0,0,0,0,0
8578343,0,0,0,0,0,0,0,0,0,0,0,0,0,0,0
374012,0,0,0,0,0,0,0,0,0,0,0,0,0,0,0
635591,0,0,0,0,0,0,0,0,0,0,0,0,0,0,0
8435910,0,0,0,0,0,0,0,0,0,0,0,0,0,0,0
12082826,0,0,0,0,0,0,0,0,0,0,0,0,0,0,0
13315143,0,0,0,0,0,0,0,0,0,0,0,0,0,0,0
4443482,0,0,0,0,0,0,0,0,0,0,0,0,0,0,0
11648785,0,0,0,0,0,0,0,0,0,0,0,0,0,0,0
415044,0,0,0,0,0,0,0,0,0,0,0,0,0,0,0
470827,0,0,0,0,0,0,0,0,0,0,0,0,0,0,0
1204466,0,0,0,0,0,0,0,0,0,0,0,0,0,0,0
2382567,0,0,0,0,0,0,0,0,0,0,0,0,0,0,0
1810178,0,0,0,0,0,0,0,0,0,0,0,0,0,0,0
2544209,0,0,0,0,0,0,0,0,0,0,0,0,0,0,0
1556432,0,0,0,0,0,0,0,0,0,0,0,0,0,0,0
207759,0,0,0,0,0,0,0,0,0,0,0,0,0,0,0
1197375,0,0,0,0,0,0,0,0,0,0,0,0,0,0,0
68194,0,0,0,0,0,0,0,0,0,0,0,0,0,0,0
7656167,0,0,0,0,0,0,0,0,0,0,0,0,0,0,0
577562,0,0,0,0,0,0,0,0,0,0,0,0,0,0,0
1234972,0,0,0,0,0,0,0,0,0,0,0,0,0,0,0
22670137,0,0,0,0,0,0,0,0,0,0,0,0,0,0,0
1466123,0,0,0,0,0,0,0,0,0,0,0,0,0,0,0
553630,0,0,0,0,0,0,0,0,0,0,0,0,0,0,0
nan,0,0,0,0,0,0,0,0,0,0,0,0,0,0,0
4481528,0,0,0,0,0,0,0,0,0,0,0,0,0,0,0
8248574,0,0,0,0,0,0,0,0,0,0,0,0,0,0,0
1658949,0,0,0,0,0,0,0,0,0,0,0,0,0,0,0
8849761,0,0,0,0,0,0,0,0,0,0,0,0,0,0,0
935710,0,0,0,0,0,0,0,0,0,0,0,0,0,0,0
12400507,0,0,0,0,0,0,0,0,0,0,0,0,0,0,0
10355544,0,0,0,0,0,0,0,0,0,0,0,0,0,0,0
373545,0,0,0,0,0,0,0,0,0,0,0,0,0,0,0
2908639,0,0,0,0,0,0,0,0,0,0,0,0,0,0,0
5351085,0,0,0,0,0,0,0,0,0,0,0,0,0,0,0
1324157,0,0,0,0,0,0,0,0,0,0,0,0,0,0,0
112879,0,0,0,0,0,0,0,0,0,0,0,0,0,0,0
554927,0,0,0,0,0,0,0,0,0,0,0,0,0,0,0
731722,0,0,0,0,0,0,0,0,0,0,0,0,0,0,0
815894,0,0,0,0,0,0,0,0,0,0,0,0,0,0,0
5704064,0,0,0,0,0,0,0,0,0,0,0,0,0,0,0
624456,0,0,0,0,0,0,0,0,0,0,0,0,0,0,0
4268223,0,0,0,0,0,0,0,0,0,0,0,0,0,0,0
1616242,0,0,0,0,0,0,0,0,0,0,0,0,0,0,0
7856010,0,0,0,0,0,0,0,0,0,0,0,0,0,0,0
1224527,0,0,0,0,0,0,0,0,0,0,0,0,0,0,0
578156,0,0,0,0,0,0,0,0,0,0,0,0,0,0,0
133008,0,0,0,0,0,0,0,0,0,0,0,0,0,0,0
1813603,0,0,0,0,0,0,0,0,0,0,0,0,0,0,0
10680833,0,0,0,0,0,0,0,0,0,0,0,0,0,0,0
1456821,0,0,0,0,0,0,0,0,0,0,0,0,0,0,0
27926,0,0,0,0,0,0,0,0,0,0,0,0,0,0,0
444344,0,0,0,0,0,0,0,0,0,0,0,0,0,0,0
129050,0,0,0,0,0,0,0,0,0,0,0,0,0,0,0
2763135,0,0,0,0,0,0,0,0,0,0,0,0,0,0,0
2764625,0,0,0,0,0,0,0,0,0,0,0,0,0,0,0
1310155,0,0,0,0,0,0,0,0,0,0,0,0,0,0,0
1116738,0,0,0,0,0,0,0,0,0,0,0,0,0,0,0
181076,0,0,0,0,0,0,0,0,0,0,0,0,0,0,0
5240626,0,0,0,0,0,0,0,0,0,0,0,0,0,0,0
8657410,0,0,0,0,0,0,0,0,0,0,0,0,0,0,0
125466,0,0,0,0,0,0,0,0,0,0,0,0,0,0,0
965671,0,0,0,0,0,0,0,0,0,0,0,0,0,0,0
3909302,0,0,0,0,0,0,0,0,0,0,0,0,0,0,0
356014,0,0,0,0,0,0,0,0,0,0,0,0,0,0,0
7040162,0,0,0,0,0,0,0,0,0,0,0,0,0,0,0
1189265,0,0,0,0,0,0,0,0,0,0,0,0,0,0,0
3449972,0,0,0,0,0,0,0,0,0,0,0,0,0,0,0
1222029,0,0,0,0,0,0,0,0,0,0,0,0,0,0,0
12299307,0,0,0,0,0,0,0,0,0,0,0,0,0,0,0
446283,0,0,0,0,0,0,0,0,0,0,0,0,0,0,0
725842,0,0,0,0,0,0,0,0,0,0,0,0,0,0,0
4801628,0,0,0,0,0,0,0,0,0,0,0,0,0,0,0
21217649,0,0,0,0,0,0,0,0,0,0,0,0,0,0,0
1422781,0,0,0,0,0,0,0,0,0,0,0,0,0,0,0
248374,0,0,0,0,0,0,0,0,0,0,0,0,0,0,0
467627,0,0,0,0,0,0,0,0,0,0,0,0,0,0,0
1340074,0,0,0,0,0,0,0,0,0,0,0,0,0,0,0
1847934,0,0,0,0,0,0,0,0,0,0,0,0,0,0,0
1216425,0,0,0,0,0,0,0,0,0,0,0,0,0,0,0
4949308,0,0,0,0,0,0,0,0,0,0,0,0,0,0,0
973545,0,0,0,0,0,0,0,0,0,0,0,0,0,0,0
1356314,0,0,0,0,0,0,0,0,0,0,0,0,0,0,0
178512,0,0,0,0,0,0,0,0,0,0,0,0,0,0,0
6098160,0,0,0,0,0,0,0,0,0,0,0,0,0,0,0
10435209,0,0,0,0,0,0,0,0,0,0,0,0,0,0,0
4564652,0,0,0,0,0,0,0,0,0,0,0,0,0,0,0
1386719,0,0,0,0,0,0,0,0,0,0,0,0,0,0,0
205760,0,0,0,0,0,0,0,0,0,0,0,0,0,0,0
173559,0,0,0,0,0,0,0,0,0,0,0,0,0,0,0
939420,0,0,0,0,0,0,0,0,0,0,0,0,0,0,0
106903,0,0,0,0,0,0,0,0,0,0,0,0,0,0,0
194482,0,0,0,0,0,0,0,0,0,0,0,0,0,0,0
3691490,0,0,0,0,0,0,0,0,0,0,0,0,0,0,0
171705,0,0,0,0,0,0,0,0,0,0,0,0,0,0,0
5444465,0,0,0,0,0,0,0,0,0,0,0,0,0,0,0
613846,0,0,0,0,0,0,0,0,0,0,0,0,0,0,0
4810521,0,0,0,0,0,0,0,0,0,0,0,0,0,0,0
3477707,0,0,0,0,0,0,0,0,0,0,0,0,0,0,0
6047881,0,0,0,0,0,0,0,0,0,0,0,0,0,0,0
3428149,0,0,0,0,0,0,0,0,0,0,0,0,0,0,0
5165527,0,0,0,0,0,0,0,0,0,0,0,0,0,0,0
168137,0,0,0,0,0,0,0,0,0,0,0,0,0,0,0
1003261,0,0,0,0,0,0,0,0,0,0,0,0,0,0,0
703628,0,0,0,0,0,0,0,0,0,0,0,0,0,0,0
1484886,0,0,0,0,0,0,0,0,0,0,0,0,0,0,0
914122,0,0,0,0,0,0,0,0,0,0,0,0,0,0,0
916064,0,0,0,0,0,0,0,0,0,0,0,0,0,0,0
10672721,0,0,0,0,0,0,0,0,0,0,0,0,0,0,0
8432168,0,0,0,0,0,0,0,0,0,0,0,0,0,0,0
2097644,0,0,0,0,0,0,0,0,0,0,0,0,0,0,0
1198196,0,0,0,0,0,0,0,0,0,0,0,0,0,0,0
3645559,0,0,0,0,0,0,0,0,0,0,0,0,0,0,0
16402596,0,0,0,0,0,0,0,0,0,0,0,0,0,0,0
3397140,0,0,0,0,0,0,0,0,0,0,0,0,0,0,0
397632,0,0,0,0,0,0,0,0,0,0,0,0,0,0,0
7780985,0,0,0,0,0,0,0,0,0,0,0,0,0,0,0
1088987,0,0,0,0,0,0,0,0,0,0,0,0,0,0,0
25117,0,0,0,0,0,0,0,0,0,0,0,0,0,0,0
408977,0,0,0,0,0,0,0,0,0,0,0,0,0,0,0
552961,0,0,0,0,0,0,0,0,0,0,0,0,0,0,0
822205,0,0,0,0,0,0,0,0,0,0,0,0,0,0,0
5192353,0,0,0,0,0,0,0,0,0,0,0,0,0,0,0
471070,0,0,0,0,0,0,0,0,0,0,0,0,0,0,0
2563784,0,0,0,0,0,0,0,0,0,0,0,0,0,0,0
150330,0,0,0,0,0,0,0,0,0,0,0,0,0,0,0
174857,0,0,0,0,0,0,0,0,0,0,0,0,0,0,0
532414,0,0,0,0,0,0,0,0,0,0,0,0,0,0,0
14798161,0,0,0,0,0,0,0,0,0,0,0,0,0,0,0
10976983,0,0,0,0,0,0,0,0,0,0,0,0,0,0,0
336433,0,0,0,0,0,0,0,0,0,0,0,0,0,0,0
991592,0,0,0,0,0,0,0,0,0,0,0,0,0,0,0
2223120,0,0,0,0,0,0,0,0,0,0,0,0,0,0,0
262105,0,0,0,0,0,0,0,0,0,0,0,0,0,0,0
5633883,0,0,0,0,0,0,0,0,0,0,0,0,0,0,0
166803,0,0,0,0,0,0,0,0,0,0,0,0,0,0,0
2099811,0,0,0,0,0,0,0,0,0,0,0,0,0,0,0
6007408,0,0,0,0,0,0,0,0,0,0,0,0,0,0,0
7466144,0,0,0,0,0,0,0,0,0,0,0,0,0,0,0
396962,0,0,0,0,0,0,0,0,0,0,0,0,0,0,0
708850,0,0,0,0,0,0,0,0,0,0,0,0,0,0,0
2440935,0,0,0,0,0,0,0,0,0,0,0,0,0,0,0
853712,0,0,0,0,0,0,0,0,0,0,0,0,0,0,0
296735,0,0,0,0,0,0,0,0,0,0,0,0,0,0,0
43438,0,0,0,0,0,0,0,0,0,0,0,0,0,0,0
443005,0,0,0,0,0,0,0,0,0,0,0,0,0,0,0
363611,0,0,0,0,0,0,0,0,0,0,0,0,0,0,0
453071,0,0,0,0,0,0,0,0,0,0,0,0,0,0,0
559321,0,0,0,0,0,0,0,0,0,0,0,0,0,0,0
218840,0,0,0,0,0,0,0,0,0,0,0,0,0,0,0
57536,0,0,0,0,0,0,0,0,0,0,0,0,0,0,0
81581,0,0,0,0,0,0,0,0,0,0,0,0,0,0,0
487669,0,0,0,0,0,0,0,0,0,0,0,0,0,0,0
277022,0,0,0,0,0,0,0,0,0,0,0,0,0,0,0
582442,0,0,0,0,0,0,0,0,0,0,0,0,0,0,0
112928,0,0,0,0,0,0,0,0,0,0,0,0,0,0,0
542140,0,0,0,0,0,0,0,0,0,0,0,0,0,0,0
1378718,0,0,0,0,0,0,0,0,0,0,0,0,0,0,0
686352,0,0,0,0,0,0,0,0,0,0,0,0,0,0,0
352609,0,0,0,0,0,0,0,0,0,0,0,0,0,0,0
245860,0,0,0,0,0,0,0,0,0,0,0,0,0,0,0
47539,0,0,0,0,0,0,0,0,0,0,0,0,0,0,0
11861955,0,0,0,0,0,0,0,0,0,0,0,0,0,0,0
3604053,0,0,0,0,0,0,0,0,0,0,0,0,0,0,0
1735391,0,0,0,0,0,0,0,0,0,0,0,0,0,0,0
422540,0,0,0,0,0,0,0,0,0,0,0,0,0,0,0
2757844,0,0,0,0,0,0,0,0,0,0,0,0,0,0,0
2876,0,0,0,0,0,0,0,0,0,0,0,0,0,0,0
1470592,0,0,0,0,0,0,0,0,0,0,0,0,0,0,0
10732018,0,0,0,0,0,0,0,0,0,0,0,0,0,0,0
5128013,0,0,0,0,0,0,0,0,0,0,0,0,0,0,0
2420363,0,0,0,0,0,0,0,0,0,0,0,0,0,0,0
350686,0,0,0,0,0,0,0,0,0,0,0,0,0,0,0
6440430,0,0,0,0,0,0,0,0,0,0,0,0,0,0,0
1575008,0,0,0,0,0,0,0,0,0,0,0,0,0,0,0
697676,0,0,0,0,0,0,0,0,0,0,0,0,0,0,0
873900,0,0,0,0,0,0,0,0,0,0,0,0,0,0,0
114709,0,0,0,0,0,0,0,0,0,0,0,0,0,0,0
732166,0,0,0,0,0,0,0,0,0,0,0,0,0,0,0
61791,0,0,0,0,0,0,0,0,0,0,0,0,0,0,0
6663906,0,0,0,0,0,0,0,0,0,0,0,0,0,0,0
5959235,0,0,0,0,0,0,0,0,0,0,0,0,0,0,0
5686982,0,0,0,0,0,0,0,0,0,0,0,0,0,0,0
1141386,0,0,0,0,0,0,0,0,0,0,0,0,0,0,0
156808,0,0,0,0,0,0,0,0,0,0,0,0,0,0,0
388308,0,0,0,0,0,0,0,0,0,0,0,0,0,0,0
1163554,0,0,0,0,0,0,0,0,0,0,0,0,0,0,0
5888249,0,0,0,0,0,0,0,0,0,0,0,0,0,0,0
55289,0,0,0,0,0,0,0,0,0,0,0,0,0,0,0
763350,0,0,0,0,0,0,0,0,0,0,0,0,0,0,0
7787256,0,0,0,0,0,0,0,0,0,0,0,0,0,0,0
2338703,0,0,0,0,0,0,0,0,0,0,0,0,0,0,0
2801575,0,0,0,0,0,0,0,0,0,0,0,0,0,0,0
263328,0,0,0,0,0,0,0,0,0,0,0,0,0,0,0
1102038,0,0,0,0,0,0,0,0,0,0,0,0,0,0,0
970390,0,0,0,0,0,0,0,0,0,0,0,0,0,0,0
17879,0,0,0,0,0,0,0,0,0,0,0,0,0,0,0
10533596,0,0,0,0,0,0,0,0,0,0,0,0,0,0,0
367936,0,0,0,0,0,0,0,0,0,0,0,0,0,0,0
1478717,0,0,0,0,0,0,0,0,0,0,0,0,0,0,0
1096010,0,0,0,0,0,0,0,0,0,0,0,0,0,0,0
2186096,0,0,0,0,0,0,0,0,0,0,0,0,0,0,0
4898263,0,0,0,0,0,0,0,0,0,0,0,0,0,0,0
2195,0,0,0,0,0,0,0,0,0,0,0,0,0,0,0
2559673,0,0,0,0,0,0,0,0,0,0,0,0,0,0,0
4872206,0,0,0,0,0,0,0,0,0,0,0,0,0,0,0
285352,0,0,0,0,0,0,0,0,0,0,0,0,0,0,0
170023,0,0,0,0,0,0,0,0,0,0,0,0,0,0,0
10974,0,0,0,0,0,0,0,0,0,0,0,0,0,0,0
744035,0,0,0,0,0,0,0,0,0,0,0,0,0,0,0
112882,0,0,0,0,0,0,0,0,0,0,0,0,0,0,0
2864371,0,0,0,0,0,0,0,0,0,0,0,0,0,0,0
6031416,0,0,0,0,0,0,0,0,0,0,0,0,0,0,0
5249615,0,0,0,0,0,0,0,0,0,0,0,0,0,0,0
316117,0,0,0,0,0,0,0,0,0,0,0,0,0,0,0
2878597,0,0,0,0,0,0,0,0,0,0,0,0,0,0,0
3832082,0,0,0,0,0,0,0,0,0,0,0,0,0,0,0
5769562,0,0,0,0,0,0,0,0,0,0,0,0,0,0,0
1886698,0,0,0,0,0,0,0,0,0,0,0,0,0,0,0
1205722,0,0,0,0,0,0,0,0,0,0,0,0,0,0,0
175453,0,0,0,0,0,0,0,0,0,0,0,0,0,0,0
4344001,0,0,0,0,0,0,0,0,0,0,0,0,0,0,0
1673877,0,0,0,0,0,0,0,0,0,0,0,0,0,0,0
11211653,0,0,0,0,0,0,0,0,0,0,0,0,0,0,0
6196916,0,0,0,0,0,0,0,0,0,0,0,0,0,0,0
708638,0,0,0,0,0,0,0,0,0,0,0,0,0,0,0
1111373,0,0,0,0,0,0,0,0,0,0,0,0,0,0,0
12432977,0,0,0,0,0,0,0,0,0,0,0,0,0,0,0
259374,0,0,0,0,0,0,0,0,0,0,0,0,0,0,0
112555,0,0,0,0,0,0,0,0,0,0,0,0,0,0,0
413395,0,0,0,0,0,0,0,0,0,0,0,0,0,0,0
172594,0,0,0,0,0,0,0,0,0,0,0,0,0,0,0
110765,0,0,0,0,0,0,0,0,0,0,0,0,0,0,0
4458,0,0,0,0,0,0,0,0,0,0,0,0,0,0,0
418097,0,0,0,0,0,0,0,0,0,0,0,0,0,0,0
189559,0,0,0,0,0,0,0,0,0,0,0,0,0,0,0
371252,0,0,0,0,0,0,0,0,0,0,0,0,0,0,0
165829,0,0,0,0,0,0,0,0,0,0,0,0,0,0,0
319465,0,0,0,0,0,0,0,0,0,0,0,0,0,0,0
131846,0,0,0,0,0,0,0,0,0,0,0,0,0,0,0
1215371,0,0,0,0,0,0,0,0,0,0,0,0,0,0,0
454690,0,0,0,0,0,0,0,0,0,0,0,0,0,0,0
1834718,0,0,0,0,0,0,0,0,0,0,0,0,0,0,0
341600,0,0,0,0,0,0,0,0,0,0,0,0,0,0,0
3836890,0,0,0,0,0,0,0,0,0,0,0,0,0,0,0
1084024,0,0,0,0,0,0,0,0,0,0,0,0,0,0,0
4990557,0,0,0,0,0,0,0,0,0,0,0,0,0,0,0
154988,0,0,0,0,0,0,0,0,0,0,0,0,0,0,0
265896,0,0,0,0,0,0,0,0,0,0,0,0,0,0,0
4408071,0,0,0,0,0,0,0,0,0,0,0,0,0,0,0
3505878,0,0,0,0,0,0,0,0,0,0,0,0,0,0,0
19247,0,0,0,0,0,0,0,0,0,0,0,0,0,0,0
567105,0,0,0,0,0,0,0,0,0,0,0,0,0,0,0
730664,0,0,0,0,0,0,0,0,0,0,0,0,0,0,0
308049,0,0,0,0,0,0,0,0,0,0,0,0,0,0,0
4322,0,0,0,0,0,0,0,0,0,0,0,0,0,0,0
5124609,0,0,0,0,0,0,0,0,0,0,0,0,0,0,0
90898,0,0,0,0,0,0,0,0,0,0,0,0,0,0,0
252072,0,0,0,0,0,0,0,0,0,0,0,0,0,0,0
1090017,0,0,0,0,0,0,0,0,0,0,0,0,0,0,0
504813,0,0,0,0,0,0,0,0,0,0,0,0,0,0,0
6534,0,0,0,0,0,0,0,0,0,0,0,0,0,0,0
602445,0,0,0,0,0,0,0,0,0,0,0,0,0,0,0
570070,0,0,0,0,0,0,0,0,0,0,0,0,0,0,0
74128,0,0,0,0,0,0,0,0,0,0,0,0,0,0,0
1006268,0,0,0,0,0,0,0,0,0,0,0,0,0,0,0
7413593,0,0,0,0,0,0,0,0,0,0,0,0,0,0,0
741068,0,0,0,0,0,0,0,0,0,0,0,0,0,0,0
952180,0,0,0,0,0,0,0,0,0,0,0,0,0,0,0
9170568,0,0,0,0,0,0,0,0,0,0,0,0,0,0,0
